{"type":"FeatureCollection","features":[{"type":"Feature","geometry":{"type":"Polygon","coordinates":[[[-34.86391168087721,-7.083234035242855],[-34.86470025032759,-7.082696363738898],[-34.8654405400157,-7.0819297815006035],[-34.86580532044172,-7.080955581400907],[-34.86557465046644,-7.0790357889798505],[-34.86531179398298,-7.078497779861312],[-34.86456077545881,-7.077587787747512],[-34.8635683581233,-7.076698755327885],[-34.862221889197826,-7.076506774674122],[-34.86106853932142,-7.076435904845879],[-34.86014049500227,-7.076260227478258],[-34.85957723110914,-7.075926506840004],[-34.85921781510115,-7.075568164470311],[-34.85898714512587,-7.075122981083163],[-34.85879939049482,-7.073859296752976],[-34.85948067158461,-7.07174050494419],[-34.85956650227308,-7.070970577246412],[-34.859255366027355,-7.069105310614984],[-34.85883694142103,-7.06827648565492],[-34.85804837197065,-7.067401742645443],[-34.857528023421764,-7.066663749727834],[-34.8569754883647,-7.065646595249615],[-34.85680919140577,-7.064878321050768],[-34.85680919140577,-7.063941350875807],[-34.857243709266186,-7.063281211657876],[-34.85815566033125,-7.062280353626691],[-34.8591373488307,-7.062014167615466],[-34.86042480915785,-7.061982225283821],[-34.86161034554243,-7.0616232066337155],[-34.86206632107496,-7.061428557851509],[-34.863729290664196,-7.060482596876864],[-34.864542335271835,-7.05989166142779],[-34.89053092896938,-7.093556807232418],[-34.891247414052486,-7.094597855228598],[-34.894283674657345,-7.099954108093822],[-34.896163903176785,-7.102871258403663],[-34.89658232778311,-7.103178010588665],[-34.89580247551203,-7.105968381423314],[-34.893970526754856,-7.108014487342514],[-34.89122662693262,-7.110195992186512],[-34.891388565301895,-7.112509899757763],[-34.89277694374323,-7.114474799030954],[-34.8936952650547,-7.1162251026621215],[-34.89418510347605,-7.118159378362818],[-34.89410597831011,-7.119224657094989],[-34.89417336881161,-7.121524213494464],[-34.8948372155428,-7.122246482084793],[-34.89589735865593,-7.122210884350431],[-34.8982560262084,-7.120892768166135],[-34.900085628032684,-7.120712782800058],[-34.90087855607271,-7.120873139451261],[-34.90130636841059,-7.121393799145954],[-34.90204028785229,-7.123707650254294],[-34.90318827331066,-7.125930333614541],[-34.90693364292383,-7.12744837923401],[-34.90809302777052,-7.128305043126481],[-34.908453449606895,-7.128440113093035],[-34.90899223834276,-7.128377901069063],[-34.91116784512997,-7.127743803700986],[-34.91183806210756,-7.127745134441389],[-34.91234868764877,-7.128076155998614],[-34.91329316049814,-7.129379280749625],[-34.91466913372278,-7.130204668800697],[-34.915594831109054,-7.130519719792773],[-34.91593882441521,-7.13087535787506],[-34.91748679429293,-7.131996497636487],[-34.91776775568724,-7.132308220577987],[-34.917860962450504,-7.13258268297087],[-34.917765744030476,-7.132895403557415],[-34.917586371302605,-7.133088691387601],[-34.9175950884819,-7.133299611233126],[-34.91777244955301,-7.13344998305102],[-34.91809833794832,-7.133440002622168],[-34.91830788552761,-7.133511861705114],[-34.918488934636116,-7.133707145359685],[-34.91888791322708,-7.134642975413602],[-34.91937071084976,-7.13482561674736],[-34.9193013086915,-7.1351110560629705],[-34.91902034729719,-7.1352877089767865],[-34.91833135485649,-7.135492639578594],[-34.91818115115166,-7.1356270420663215],[-34.918067157268524,-7.136066843990367],[-34.91862002760172,-7.136913178727538],[-34.91842690855265,-7.138118138455222],[-34.91816807538272,-7.1383576662394335],[-34.9178958311677,-7.138144419982109],[-34.9177074059844,-7.138849695836122],[-34.91784319281578,-7.139102530311451],[-34.917900525033474,-7.1394115870000805],[-34.91745192557573,-7.139754576471409],[-34.9174053221941,-7.1399159244848915],[-34.91755250841379,-7.140034357217303],[-34.91753540933132,-7.14020568541359],[-34.9173966050148,-7.14025691752197],[-34.917323514819145,-7.1404172673305535],[-34.917353354394436,-7.140656461235159],[-34.91772718727589,-7.140863052810061],[-34.917826764285564,-7.14148083092416],[-34.9177610501647,-7.142040722807426],[-34.91759140044451,-7.142192089776376],[-34.91728361696005,-7.142099273552987],[-34.917095527052886,-7.142302537730878],[-34.91681523621082,-7.142258957366473],[-34.91643738001585,-7.142359092396071],[-34.916073270142086,-7.14300314973669],[-34.91571485996246,-7.1441388974024616],[-34.91530951112509,-7.144515483293214],[-34.91504196077585,-7.14515953759578],[-34.913816191256046,-7.145955289385692],[-34.9131915718317,-7.146650905722548],[-34.91314698010683,-7.146945985120893],[-34.9133126065135,-7.147120304766143],[-34.913181848824024,-7.147327558761631],[-34.91257265210152,-7.1474296887055555],[-34.91206772625446,-7.147606004190253],[-34.91165433079004,-7.147946991491138],[-34.9110159650445,-7.148933690871544],[-34.91089794784784,-7.14941173697289],[-34.910390339791775,-7.149924047479503],[-34.91018783301115,-7.149961971740915],[-34.90989077836275,-7.150590050279015],[-34.90997761487961,-7.150725113665358],[-34.9099226295948,-7.150785659308325],[-34.910046346485615,-7.152155585502342],[-34.910670295357704,-7.152874811742251],[-34.91065688431263,-7.153326240399233],[-34.911913834512234,-7.154165557194651],[-34.912464022636414,-7.155002876455258],[-34.91273157298565,-7.155955296138594],[-34.912806674838066,-7.156911373136975],[-34.91270709782839,-7.158737694193875],[-34.91299945861101,-7.160656155087356],[-34.91331126540899,-7.161443896012971],[-34.91408374160528,-7.162462168900814],[-34.91558041423559,-7.164042965689722],[-34.915963634848595,-7.1646008339549825],[-34.91609238088131,-7.164938481977067],[-34.916120544075966,-7.165259829517495],[-34.916026666760445,-7.166071513807335],[-34.91621810942888,-7.166405168856368],[-34.917141795158386,-7.166960040321216],[-34.917626939713955,-7.167645312300865],[-34.9183739349246,-7.168351873204564],[-34.91941496729851,-7.168844535785093],[-34.9206005036831,-7.169756342707134],[-34.921635165810585,-7.17081651139371],[-34.922344610095024,-7.171038724034311],[-34.92334708571434,-7.1710533607912605],[-34.92455072700977,-7.17096786881788],[-34.92514953017235,-7.170565025100805],[-34.92556594312191,-7.170066376604104],[-34.92627941071987,-7.168590387160534],[-34.92751590907574,-7.167444720658178],[-34.92846541106701,-7.167129695130628],[-34.92962412536144,-7.167323633786357],[-34.93073120713234,-7.16773213552182],[-34.93177693337202,-7.16800857256335],[-34.932662062346935,-7.168721120698455],[-34.93396192789078,-7.1685574542786314],[-34.93479911237955,-7.168218478315605],[-34.93785213679075,-7.165027966977429],[-34.93897296488285,-7.164893905799324],[-34.94094304740429,-7.164310755848598],[-34.941774532198906,-7.163996393472118],[-34.944160021841526,-7.163901585728742],[-34.945074655115604,-7.1641607268473],[-34.94786012917757,-7.163968117480571],[-34.94856555014849,-7.164128458962526],[-34.94943995028734,-7.164825710892094],[-34.94977254420519,-7.165343991931122],[-34.95002869516611,-7.166013631450938],[-34.950690530240536,-7.166744811481912],[-34.95102044194937,-7.1673209725360545],[-34.95120216161013,-7.168072442469693],[-34.951077103614814,-7.168795302816545],[-34.952643178403385,-7.168807611059172],[-34.95400909334421,-7.168421065550509],[-34.95428670197725,-7.168105708042348],[-34.95454553514719,-7.1679596721602925],[-34.95635636150837,-7.167987615248397],[-34.95776519179344,-7.167435406284561],[-34.95832409709692,-7.1673099948784404],[-34.95923973619938,-7.167243463614483],[-34.96030759066344,-7.167360891288803],[-34.96061135083437,-7.167264420963684],[-34.960822239518166,-7.167078798694439],[-34.96108576655388,-7.166981330339975],[-34.96142942458391,-7.166901160107911],[-34.961835108697414,-7.166917792937266],[-34.96225990355015,-7.167048859611675],[-34.96254723519087,-7.167450375813481],[-34.963143691420555,-7.167935055628832],[-34.963750541210175,-7.168328254660986],[-34.964190758764744,-7.168499239582602],[-34.965203292667866,-7.169419030910009],[-34.96560025960207,-7.169401400207653],[-34.96592849493027,-7.169540782534247],[-34.96607903391123,-7.169465935228105],[-34.966173246502876,-7.169544441735564],[-34.96640760451555,-7.170107293079033],[-34.9668387696147,-7.170369757208821],[-34.96747277677059,-7.1713637264586065],[-34.96781878173351,-7.171712347020233],[-34.96826872229576,-7.1719964326622305],[-34.9684001505375,-7.171941877587823],[-34.96893022209406,-7.172434203632386],[-34.96941335499287,-7.172671384840846],[-34.969703033566475,-7.172722280652106],[-34.970139898359776,-7.1730343084424435],[-34.970098324120045,-7.1732901178466175],[-34.97015297412873,-7.173444800966672],[-34.97043527662754,-7.173540272027411],[-34.97066494077444,-7.173742856894927],[-34.97401066124439,-7.175533849568362],[-34.970000088214874,-7.198999725829443],[-34.96876124292612,-7.21434815547517],[-34.968586564064026,-7.214973816725621],[-34.9686522781849,-7.215503017033639],[-34.96772691607475,-7.216113043522248],[-34.967342019081116,-7.21616859114967],[-34.966907165944576,-7.216107056352404],[-34.96619939804077,-7.215614112431407],[-34.9645659327507,-7.214979471289036],[-34.96302600950003,-7.21511518079052],[-34.9625975266099,-7.214985791095156],[-34.96163494884968,-7.214954857306497],[-34.96113773435354,-7.21473798810492],[-34.959530755877495,-7.214392061556045],[-34.95760526508093,-7.214076403349543],[-34.9563167989254,-7.213955994154805],[-34.95558891445398,-7.214211780499843],[-34.9540426209569,-7.215580185097265],[-34.952890276908875,-7.215595485660021],[-34.951616898179054,-7.215384936565992],[-34.94658775627613,-7.213915746875388],[-34.94314346462488,-7.213068557444386],[-34.942405857145786,-7.21295313732459],[-34.94105737656355,-7.2130106810767565],[-34.9389323964715,-7.213261145993748],[-34.93551693856716,-7.213963977085843],[-34.935022071003914,-7.21435846675214],[-34.93464354425669,-7.2149265844870065],[-34.9342006444931,-7.215961701149481],[-34.93352774530649,-7.216976858250148],[-34.93339195847511,-7.2175735779731625],[-34.93339195847511,-7.218719117978167],[-34.93309121578932,-7.2191232494305755],[-34.93236366659403,-7.219508421293624],[-34.93182018399239,-7.220259139603847],[-34.93167467415333,-7.2206922073755715],[-34.93176184594631,-7.221163858286474],[-34.93159722536802,-7.221385381040999],[-34.93108291178942,-7.22172232159919],[-34.931014850735664,-7.222251846628483],[-34.93111174553633,-7.22291574773629],[-34.930917955935,-7.223657147169739],[-34.93048142641783,-7.224475379318708],[-34.93002511560917,-7.2249949227029555],[-34.92943838238716,-7.225376430812919],[-34.92865953594446,-7.224324372358765],[-34.92742035537958,-7.223544723287194],[-34.91965267807245,-7.219878957646781],[-34.91697784513235,-7.2184174327820285],[-34.91650175303221,-7.217997667598888],[-34.915285371243954,-7.216543121681079],[-34.91278052330017,-7.2133655894905635],[-34.91205062717199,-7.212980079775944],[-34.90645855665207,-7.212097297881432],[-34.9054054543376,-7.21234111083745],[-34.90409519523382,-7.212926860117417],[-34.9025247618556,-7.2137467747872295],[-34.901533015072346,-7.214121307322795],[-34.90088392049074,-7.214133281714911],[-34.90008093416691,-7.214262006410171],[-34.899478778243065,-7.214554713591285],[-34.898605048656464,-7.21451978831258],[-34.89805016666651,-7.21470705429929],[-34.89740073680878,-7.214601613247032],[-34.89485062658787,-7.2151171765181905],[-34.8902191221714,-7.2144662362133305],[-34.88955393433571,-7.2144981679005875],[-34.88710775971413,-7.21542418585161],[-34.88133564591408,-7.2177977634405375],[-34.87922206521034,-7.218745062230398],[-34.87806335091591,-7.219160170063796],[-34.87745180726051,-7.219660427715803],[-34.8768724501133,-7.220522572583529],[-34.87633600831032,-7.220884460062965],[-34.87411513924599,-7.221320853402997],[-34.87310662865639,-7.221288922197263],[-34.87275291234255,-7.221044116211809],[-34.87272072583437,-7.22046935381211],[-34.87221613526345,-7.220394847521632],[-34.87105742096901,-7.221586946696282],[-34.87089682370424,-7.221916902162556],[-34.87089682370424,-7.222214926247684],[-34.87111106514931,-7.222598099782793],[-34.87174406647682,-7.222949341904682],[-34.87195864319801,-7.223428307994726],[-34.87199082970619,-7.223971135616674],[-34.871819503605366,-7.224375594989576],[-34.87130451947451,-7.224705548420499],[-34.87053170800209,-7.224833272264574],[-34.86960902810097,-7.224801341306949],[-34.8687507212162,-7.225141938072054],[-34.86855760216713,-7.225408029116228],[-34.86856833100319,-7.2256634763712],[-34.86952353268862,-7.22667462033854],[-34.86970592290163,-7.227281305632827],[-34.8694484308362,-7.227579326180783],[-34.86914802342653,-7.2276219005287325],[-34.86861124634743,-7.227355810788254],[-34.86735060811043,-7.226983284888288],[-34.866015538573265,-7.226628054547628],[-34.8653868958354,-7.22656552333516],[-34.86529938876629,-7.226670961598009],[-34.86529938876629,-7.226806002365569],[-34.865551851689816,-7.2272008134422085],[-34.86555688083172,-7.227365456544067],[-34.86548379063606,-7.22754739541721],[-34.865126721560955,-7.227727671157064],[-34.86492119729519,-7.227761930191737],[-34.86343793570995,-7.227408030912181],[-34.8630677908659,-7.227614583062962],[-34.8626409843564,-7.228740806172358],[-34.862636625766754,-7.229212448684089],[-34.86248709261418,-7.229444943647927],[-34.862252064049244,-7.229613244648665],[-34.86208073794842,-7.229600605445228],[-34.861910082399845,-7.229488183041437],[-34.86127842217684,-7.228764754181987],[-34.86091632395983,-7.22847604753671],[-34.86053042113781,-7.228436466772551],[-34.85978543758392,-7.228686257923434],[-34.858716912567616,-7.2283938925013675],[-34.85840208828449,-7.22845908435248],[-34.858197905123234,-7.22869257753797],[-34.85823009163141,-7.229374097555743],[-34.85785458236933,-7.230055283934907],[-34.85725376754999,-7.230459405251435],[-34.85635254532099,-7.230768399824837],[-34.855923391878605,-7.231066085462496],[-34.85551569610834,-7.231800486732764],[-34.855193831026554,-7.232173008659594],[-34.85485251992941,-7.232249508660126],[-34.85474321991205,-7.232183984747413],[-34.85431406646967,-7.231747269289519],[-34.85383126884699,-7.230970293904411],[-34.853455759584904,-7.230853215305814],[-34.85213611274958,-7.231545375557338],[-34.851428009569645,-7.231662121367361],[-34.85076282173395,-7.231641166993416],[-34.850462414324284,-7.231725982310507],[-34.85025856643915,-7.2319391846646495],[-34.850398041307926,-7.232173008659594],[-34.85111687332392,-7.232566817219483],[-34.85130999237299,-7.232811616961965],[-34.85151384025813,-7.233556991447388],[-34.85079500824213,-7.234578428558083],[-34.85030148178339,-7.234961591606192],[-34.849915243685246,-7.234919017950229],[-34.84938953071833,-7.23406787659533],[-34.8490247502923,-7.233684380180958],[-34.8484668508172,-7.233322502953479],[-34.84786603599787,-7.2331099664686365],[-34.84754417091608,-7.232854190816674],[-34.84725449234247,-7.232301063000959],[-34.84677169471979,-7.231874991142707],[-34.84622452408075,-7.231715671429669],[-34.845398403704166,-7.231906921600349],[-34.84503362327814,-7.232258489094114],[-34.845457412302494,-7.233700012738486],[-34.84624832868576,-7.234576100309413],[-34.846322759985924,-7.234793292599075],[-34.84627649188042,-7.234959595966139],[-34.8459992185235,-7.23510028856685],[-34.84534475952387,-7.235163816417068],[-34.84427187591791,-7.234610691431474],[-34.84387490898371,-7.234546498289418],[-34.84361741691828,-7.234791296958311],[-34.84333846718073,-7.235909187018144],[-34.841922260820866,-7.236600674306229],[-34.841699972748756,-7.236552113905955],[-34.84152529388666,-7.236420069503503],[-34.841439463198185,-7.236143008956581],[-34.84140492975712,-7.23530284592202],[-34.84149880707264,-7.234681536701981],[-34.841454550623894,-7.234526209263352],[-34.84112598001957,-7.234170652248609],[-34.84092481434345,-7.2340924895370895],[-34.84029449522495,-7.234033618039064],[-34.84007053077221,-7.234087167820058],[-34.839405342936516,-7.234406470730261],[-34.838954731822014,-7.235023789049444],[-34.8386275023222,-7.2356337891884674],[-34.83856178820133,-7.236106422317045],[-34.83868382871151,-7.2365278337038905],[-34.83890242874622,-7.2368930344138045],[-34.83895070850849,-7.237160116348723],[-34.83884744346142,-7.237386620331571],[-34.83861140906811,-7.237459460795275],[-34.83826272189617,-7.237426532915863],[-34.83788453042507,-7.2372509175185],[-34.83750097453594,-7.236769305244632],[-34.83725152909756,-7.236146667620371],[-34.836768731474876,-7.234353586201348],[-34.836937710642815,-7.23376786468401],[-34.83723811805248,-7.233384700622589],[-34.83798645436764,-7.232869490794718],[-34.83822517096996,-7.232597084586162],[-34.8382680863142,-7.232385212976937],[-34.838203713297844,-7.232128771696876],[-34.8378174751997,-7.231915902041182],[-34.83738228678703,-7.231848382426282],[-34.83635298907757,-7.231528412488421],[-34.83563080430031,-7.23112196386202],[-34.83402147889137,-7.230789354239276],[-34.83375795185566,-7.2306529842231075],[-34.83364060521126,-7.230491335809187],[-34.833629205822945,-7.230168704028143],[-34.833969846367836,-7.229426317446344],[-34.83398124575615,-7.229102354460587],[-34.83366407454014,-7.228487023714399],[-34.83332075178623,-7.2282182735903575],[-34.831867665052414,-7.22787036168242],[-34.83131445944309,-7.228010723880202],[-34.83112469315529,-7.2283227136327985],[-34.830963760614395,-7.228886822489194],[-34.83088865876198,-7.2296531579202625],[-34.831189066171646,-7.230536570762117],[-34.83117766678333,-7.23078868901975],[-34.83107104897499,-7.2310368158219145],[-34.83052387833595,-7.231207111886046],[-34.830110147595406,-7.2311984640406],[-34.82983723282814,-7.231068746338842],[-34.82954755425453,-7.230717510528573],[-34.82931151986122,-7.230121473376956],[-34.82887901365757,-7.229748284536688],[-34.828707687556744,-7.22974695409466],[-34.82843175530434,-7.229881993942723],[-34.827734380960464,-7.230584466589689],[-34.82702627778053,-7.23089312846786],[-34.82666149735451,-7.230680258229654],[-34.82606068253517,-7.229722340916013],[-34.82555642724037,-7.229605261993903],[-34.82459083199501,-7.229935211605744],[-34.82378616929054,-7.230073577500277],[-34.823002964258194,-7.229828776273417],[-34.82254162430763,-7.230031003383401],[-34.82234850525856,-7.231968121637875],[-34.82253089547157,-7.232393860799688],[-34.822970777750015,-7.232457721639324],[-34.82338920235634,-7.232191634747886],[-34.824226051568985,-7.231404016630141],[-34.824708849191666,-7.231478521105527],[-34.82509508728981,-7.2316913909674225],[-34.825223833322525,-7.232170347789788],[-34.825202375650406,-7.232670591039595],[-34.82504144310951,-7.233351772445911],[-34.82556715607643,-7.234799279521358],[-34.82501998543739,-7.235459170912274],[-34.82420459389687,-7.235970053907108],[-34.823206812143326,-7.23594876712721],[-34.82229486107826,-7.235416597303257],[-34.82152238488197,-7.2353527368822315],[-34.820513874292374,-7.235076008286633],[-34.82017055153847,-7.234501263738217],[-34.819955974817276,-7.233553997978035],[-34.81972128152847,-7.233230037953579],[-34.819388687610626,-7.23331518558006],[-34.81773644685745,-7.234549824359183],[-34.81712490320206,-7.235145855664533],[-34.81710344552994,-7.2358908936892545],[-34.81738239526749,-7.2364124195746955],[-34.81800466775894,-7.23720002895309],[-34.81832653284073,-7.238402727107801],[-34.81805831193924,-7.23880717355447],[-34.81722146272659,-7.2389774666866895],[-34.81623440980911,-7.238764600261371],[-34.81559067964554,-7.237966350271846],[-34.814700186252594,-7.237327749263251],[-34.81197506189346,-7.237476756246124],[-34.81007605791092,-7.2358908936892545],[-34.80872422456741,-7.235837676728283],[-34.80706125497818,-7.236561426859836],[-34.80691272765398,-7.237900494584649],[-34.807106517255306,-7.238936889032091],[-34.80814889073372,-7.24096277386868],[-34.80849791318179,-7.2419888506332235],[-34.80826321989298,-7.2435597247345065],[-34.80797857046127,-7.244494663296019],[-34.80763088911772,-7.244849879573055],[-34.80691071599722,-7.245298555912324],[-34.80661030858755,-7.245628494047286],[-34.80641819536687,-7.2459827116350235],[-34.80635918676853,-7.246414424337304],[-34.806567057967186,-7.246881724600496],[-34.806617349386215,-7.247160441537411],[-34.80657611042261,-7.247532285583385],[-34.80615634471178,-7.247717874894018],[-34.80577144771814,-7.247743152285252],[-34.805513955652714,-7.247588827137734],[-34.805296026170254,-7.247096915377225],[-34.80577111244202,-7.242340410271235],[-34.80503015220165,-7.237840293165202],[-34.804640896618366,-7.235973379966365],[-34.80404142290354,-7.2339364966808635],[-34.80364881455898,-7.23316351635922],[-34.803796000778675,-7.2329639515173145],[-34.804237224161625,-7.2328960994509925],[-34.80458993464708,-7.232751082255412],[-34.80479780584574,-7.232249176051432],[-34.804872907698154,-7.23071651269917],[-34.80431769043207,-7.224662973797775],[-34.80420470237732,-7.222398862889701],[-34.80426773428917,-7.221048107614811],[-34.80419531464577,-7.2179417875768355],[-34.80385098606348,-7.214453263964738],[-34.803696423769,-7.213590774909675],[-34.802735187113285,-7.20983611771828],[-34.80206463485956,-7.207814084883806],[-34.80157881975174,-7.206637582929041],[-34.80143163353205,-7.205840606728207],[-34.80080131441355,-7.204330472687352],[-34.80003152042627,-7.202822994657662],[-34.7986314073205,-7.200580062972528],[-34.79736104607582,-7.198724970799003],[-34.79567661881447,-7.196615072810603],[-34.79517538100481,-7.195670388835037],[-34.7948857024312,-7.194699091992942],[-34.79468822479248,-7.192390590473153],[-34.794701635837555,-7.191545689288106],[-34.794959127902985,-7.190536795380589],[-34.795136488974094,-7.18863708830645],[-34.795577712357044,-7.186719410614496],[-34.79567293077707,-7.185987597392831],[-34.795852303504944,-7.183985084280303],[-34.795804023742676,-7.182429970420385],[-34.79606989771128,-7.1809516925493],[-34.79612052440643,-7.179012692980053],[-34.795750714838505,-7.1757500722041],[-34.79591466486454,-7.174694904769246],[-34.795999489724636,-7.17341519495419],[-34.795668572187424,-7.169871773807159],[-34.7957631200552,-7.167666269631568],[-34.79573529213667,-7.166120414413045],[-34.7955197095871,-7.164461782775644],[-34.79505266994238,-7.161887665006154],[-34.793548956513405,-7.157385418922565],[-34.79302056133747,-7.155563084431475],[-34.79301821440458,-7.154745060795727],[-34.795147217810154,-7.151010210386656],[-34.795752391219146,-7.149376474020787],[-34.7961238771677,-7.147921043198153],[-34.796606339514256,-7.1471801855449675],[-34.79749280959368,-7.146399073435927],[-34.7981408983469,-7.146165870626682],[-34.801605977118015,-7.145887756992468],[-34.80303827673197,-7.1455793700254775],[-34.803732968866825,-7.145351156882554],[-34.804608039557934,-7.145546768154905],[-34.806311912834644,-7.145390079540346],[-34.80673838406801,-7.145242705698881],[-34.80724465101957,-7.1453578103285675],[-34.807595014572144,-7.145569057189133],[-34.80825651437044,-7.145629270843322],[-34.80972535908222,-7.145087347670059],[-34.811208955943584,-7.14421973697937],[-34.81206223368645,-7.143614604161606],[-34.81303621083498,-7.142627560623009],[-34.8140936717391,-7.141698733075474],[-34.81638964265585,-7.1391710617372945],[-34.81803819537163,-7.136869597849665],[-34.81931861490011,-7.134825284067409],[-34.82054203748703,-7.132057045759117],[-34.82127159833908,-7.130207995633872],[-34.82242662459612,-7.126142254814974],[-34.82273306697607,-7.124693736523729],[-34.82287019491196,-7.123247542473694],[-34.8228470608592,-7.119942271635962],[-34.82240818440914,-7.117395184069762],[-34.82200015336275,-7.115652536860072],[-34.82121594250202,-7.1136759982921145],[-34.82100572437048,-7.112115321951184],[-34.82121057808399,-7.111374073687883],[-34.821464382112026,-7.111082963742005],[-34.82228446751833,-7.110485106508863],[-34.82268813997507,-7.1099055468900385],[-34.823258109390736,-7.109591479833582],[-34.82379388064146,-7.109091101367888],[-34.825598672032356,-7.107715723176344],[-34.826898872852325,-7.106585873860514],[-34.82827719300985,-7.105174223712536],[-34.829940497875214,-7.103161708145789],[-34.83091950416565,-7.101628943232258],[-34.831637665629394,-7.100076876311717],[-34.83274944126606,-7.09664168278128],[-34.83341060578823,-7.094228547963421],[-34.83345150947571,-7.0932616934859904],[-34.833182618021965,-7.089623827102166],[-34.83209900557995,-7.084843386115109],[-34.83160547912121,-7.08398464490776],[-34.830517172813416,-7.081348522330795],[-34.830159433186054,-7.080773584091318],[-34.82993580400944,-7.080189994427852],[-34.82965886592865,-7.078942959993048],[-34.82971049845219,-7.077606087423771],[-34.82947647571564,-7.075675301215375],[-34.82952307909727,-7.074426258238866],[-34.829950891435146,-7.07342076620597],[-34.83034383505583,-7.072984231590751],[-34.833371713757515,-7.071012833467076],[-34.83385182917118,-7.070833494047216],[-34.83422867953777,-7.070523725794359],[-34.83709026128054,-7.067758760437364],[-34.83872976154089,-7.065622638689307],[-34.83952771872282,-7.064399188812174],[-34.84090771526098,-7.06197057964152],[-34.84186626970768,-7.059057496195466],[-34.84229173511267,-7.055965381959076],[-34.84269272536039,-7.056082505354043],[-34.84355203807354,-7.056146058092866],[-34.844635650515556,-7.056348362041133],[-34.84560661017895,-7.05669973184639],[-34.846405908465385,-7.056859445306042],[-34.846647307276726,-7.057067072721206],[-34.84670631587505,-7.057365204231349],[-34.846674129366875,-7.05764736423374],[-34.84678711742163,-7.057902905219493],[-34.84729640185833,-7.058424634293945],[-34.84790291637182,-7.059393558157231],[-34.84827842563391,-7.059697011916957],[-34.84884671866894,-7.059979170497412],[-34.84905056655407,-7.060208091483428],[-34.84905056655407,-7.0612728387667305],[-34.84927587211132,-7.0624653528142565],[-34.849276542663574,-7.062960125457659],[-34.84900765120983,-7.064525626534475],[-34.84860599040985,-7.065824273033261],[-34.84831631183625,-7.068033594076243],[-34.84821975231171,-7.06831574756935],[-34.847918674349785,-7.06876859025653],[-34.84708182513714,-7.0708714248394005],[-34.84695341438055,-7.0719521183821294],[-34.847007393836975,-7.072335085222239],[-34.84663188457489,-7.074171724559309],[-34.846674129366875,-7.074400971239074],[-34.846883341670036,-7.074597943621888],[-34.84700672328473,-7.075433744419573],[-34.847023487091064,-7.075763472741574],[-34.84686691313982,-7.07652407622679],[-34.84691251069307,-7.076875430694368],[-34.84676130115986,-7.07764701215173],[-34.8467143625021,-7.079339895278904],[-34.84679985791445,-7.080219939183389],[-34.847012758255005,-7.080833806243746],[-34.847227334976196,-7.082229893275196],[-34.84725147485733,-7.083805975962695],[-34.847380220890045,-7.085374068083992],[-34.84716799110174,-7.088254046846729],[-34.84723102301359,-7.089610185880942],[-34.8470563441515,-7.090414019106114],[-34.84684243798256,-7.092144784392704],[-34.846883341670036,-7.0931063178524045],[-34.846837408840656,-7.093440358764335],[-34.84629325568676,-7.095099913008552],[-34.84591003507376,-7.096682605818826],[-34.845646508038044,-7.097215935804626],[-34.844546131789684,-7.100373649212547],[-34.844838827848434,-7.099806054237363],[-34.84536789357662,-7.099433424095607],[-34.84570249915123,-7.0993023380632225],[-34.8465209081769,-7.099317642525785],[-34.84740938991308,-7.09961807567679],[-34.848025627434254,-7.099712896730228],[-34.84852787107229,-7.099878583997718],[-34.84892349690199,-7.099896217378113],[-34.84933119267225,-7.099695596048256],[-34.84958868473768,-7.099347918743693],[-34.84987836331129,-7.098226699234819],[-34.85018413513899,-7.098141193658651],[-34.85088150948286,-7.098189103399775],[-34.85116045922041,-7.098071990690416],[-34.851305298507214,-7.0977369550192595],[-34.85119264572859,-7.09724188696721],[-34.85140722244978,-7.096996681693128],[-34.85185246914625,-7.096879568680306],[-34.852748326957226,-7.096932801871673],[-34.85312383621931,-7.096884891999739],[-34.854523949325085,-7.096485975580734],[-34.85465805977583,-7.096240769903904],[-34.85458295792341,-7.095639566287277],[-34.8547063395381,-7.095330480115656],[-34.85506474971771,-7.095211037718158],[-34.85588651150465,-7.095131853047589],[-34.85690038651228,-7.09512652970789],[-34.85858481377363,-7.095525780013574],[-34.858906678855426,-7.095515133343246],[-34.85913198441267,-7.095323493235314],[-34.859266094863415,-7.095004092878094],[-34.859512858092785,-7.093588081958829],[-34.85945921391249,-7.093194153334796],[-34.85931973904371,-7.092975895438543],[-34.858257584273815,-7.091960795235378],[-34.85772114247084,-7.091029203437236],[-34.85738854855299,-7.089996797896925],[-34.85738318413496,-7.0891606907797255],[-34.8575870320201,-7.088552158223045],[-34.85819857567549,-7.088152901871648],[-34.860253147780895,-7.088019816344327],[-34.86158017069101,-7.088193825663595],[-34.86209750175476,-7.088181515254998],[-34.862720780074596,-7.087892054201934],[-34.86306946724653,-7.087066922845746],[-34.86329477280378,-7.085908076595842],[-34.863246493041515,-7.084710299632108],[-34.86334305256605,-7.083944053458905],[-34.86391168087721,-7.083234035242855]]]},"id":"caa9d751-457b-4a2c-9f8a-3dfb0c7649ca","properties":{"text":"Jo\u00e3o Pessoa","value":15}},{"type":"Feature","geometry":{"type":"MultiPolygon","coordinates":[[[[-34.86104540526867,-6.9818223435206574],[-34.86055187880993,-6.980396336300872],[-34.85894490033388,-6.979417264183776],[-34.858723282814026,-6.979180982026804],[-34.858789667487144,-6.978993952967296],[-34.859199710190296,-6.979004935102762],[-34.8595654964447,-6.979120413905407],[-34.86013613641262,-6.979180982026804],[-34.86072789877653,-6.979387978514458],[-34.86137665808201,-6.979264179983011],[-34.863564670085914,-6.979878180442383],[-34.86585594713688,-6.980640937614668],[-34.867187328636646,-6.98176144295112],[-34.8683051392436,-6.9843149337996415],[-34.86831519752741,-6.989590262628659],[-34.86683025956154,-6.996205305045018],[-34.865504913032055,-7.001360367451638],[-34.86444342881441,-7.003805599526152],[-34.86176926642656,-7.008977549242187],[-34.86076880246401,-7.011525566937023],[-34.86012741923332,-7.0134656050207935],[-34.85917456448078,-7.015530089502252],[-34.8570391908288,-7.013988715107164],[-34.85582482069731,-7.011957500643555],[-34.85347520560026,-7.008730966145226],[-34.85050331801176,-7.0041413686889165],[-34.849870316684246,-7.00242691350231],[-34.849612824618816,-7.001298138324412],[-34.84934460371733,-6.998646570796897],[-34.8488299548626,-6.996733758964904],[-34.84869047999382,-6.995782009030369],[-34.84828278422356,-6.994770356623324],[-34.848121516406536,-6.993961033119738],[-34.8481647670269,-6.99342858268145],[-34.84796091914177,-6.992832237469996],[-34.84746739268303,-6.992033559654901],[-34.847574681043625,-6.991213582344268],[-34.847155921161175,-6.9889240276897615],[-34.84712406992912,-6.988306378466521],[-34.84730612486601,-6.986826146834052],[-34.84720319509506,-6.986433791485577],[-34.84742447733879,-6.984728256564663],[-34.84712406992912,-6.9836739832822],[-34.848004169762135,-6.983041684403385],[-34.85014993697405,-6.982189743509798],[-34.85229570418596,-6.982189743509798],[-34.85315401107073,-6.9822749376689766],[-34.854269810020924,-6.981934160939196],[-34.855471439659595,-6.982360131812635],[-34.85679008066654,-6.983246682449312],[-34.857868663966656,-6.983185449276169],[-34.86098438501358,-6.982329847958647],[-34.86104540526867,-6.9818223435206574]]],[[[-34.86158017069101,-7.088193825663595],[-34.860253147780895,-7.088019816344327],[-34.85819857567549,-7.088152901871648],[-34.8575870320201,-7.088552158223045],[-34.85738318413496,-7.0891606907797255],[-34.85738854855299,-7.089996797896925],[-34.85772114247084,-7.091029203437236],[-34.858257584273815,-7.091960795235378],[-34.85931973904371,-7.092975895438543],[-34.85945921391249,-7.093194153334796],[-34.859512858092785,-7.093588081958829],[-34.859266094863415,-7.095004092878094],[-34.85913198441267,-7.095323493235314],[-34.858906678855426,-7.095515133343246],[-34.85858481377363,-7.095525780013574],[-34.85690038651228,-7.09512652970789],[-34.85588651150465,-7.095131853047589],[-34.85506474971771,-7.095211037718158],[-34.8547063395381,-7.095330480115656],[-34.85458295792341,-7.095639566287277],[-34.85465805977583,-7.096240769903904],[-34.854523949325085,-7.096485975580734],[-34.85312383621931,-7.096884891999739],[-34.852748326957226,-7.096932801871673],[-34.85185246914625,-7.096879568680306],[-34.85140722244978,-7.096996681693128],[-34.85119264572859,-7.09724188696721],[-34.851305298507214,-7.0977369550192595],[-34.85116045922041,-7.098071990690416],[-34.85088150948286,-7.098189103399775],[-34.85018413513899,-7.098141193658651],[-34.84987836331129,-7.098226699234819],[-34.84958868473768,-7.099347918743693],[-34.84933119267225,-7.099695596048256],[-34.84892349690199,-7.099896217378113],[-34.84852787107229,-7.099878583997718],[-34.848025627434254,-7.099712896730228],[-34.84740938991308,-7.09961807567679],[-34.8465209081769,-7.099317642525785],[-34.84570249915123,-7.0993023380632225],[-34.84536789357662,-7.099433424095607],[-34.844838827848434,-7.099806054237363],[-34.844546131789684,-7.100373649212547],[-34.845646508038044,-7.097215935804626],[-34.84591003507376,-7.096682605818826],[-34.84629325568676,-7.095099913008552],[-34.846837408840656,-7.093440358764335],[-34.846883341670036,-7.0931063178524045],[-34.84684243798256,-7.092144784392704],[-34.8470563441515,-7.090414019106114],[-34.84723102301359,-7.089610185880942],[-34.84716799110174,-7.088254046846729],[-34.847380220890045,-7.085374068083992],[-34.84725147485733,-7.083805975962695],[-34.847227334976196,-7.082229893275196],[-34.847012758255005,-7.080833806243746],[-34.84679985791445,-7.080219939183389],[-34.8467143625021,-7.079339895278904],[-34.84676130115986,-7.07764701215173],[-34.84691251069307,-7.076875430694368],[-34.84686691313982,-7.07652407622679],[-34.847023487091064,-7.075763472741574],[-34.84700672328473,-7.075433744419573],[-34.846883341670036,-7.074597943621888],[-34.846674129366875,-7.074400971239074],[-34.84663188457489,-7.074171724559309],[-34.847007393836975,-7.072335085222239],[-34.84695341438055,-7.0719521183821294],[-34.84708182513714,-7.0708714248394005],[-34.847918674349785,-7.06876859025653],[-34.84821975231171,-7.06831574756935],[-34.84831631183625,-7.068033594076243],[-34.84860599040985,-7.065824273033261],[-34.84900765120983,-7.064525626534475],[-34.849276542663574,-7.062960125457659],[-34.84927587211132,-7.0624653528142565],[-34.84905056655407,-7.0612728387667305],[-34.84905056655407,-7.060208091483428],[-34.84884671866894,-7.059979170497412],[-34.84827842563391,-7.059697011916957],[-34.84790291637182,-7.059393558157231],[-34.84729640185833,-7.058424634293945],[-34.84678711742163,-7.057902905219493],[-34.846674129366875,-7.05764736423374],[-34.84670631587505,-7.057365204231349],[-34.846647307276726,-7.057067072721206],[-34.846405908465385,-7.056859445306042],[-34.84560661017895,-7.05669973184639],[-34.844635650515556,-7.056348362041133],[-34.84355203807354,-7.056146058092866],[-34.84269272536039,-7.056082505354043],[-34.84229173511267,-7.055965381959076],[-34.842355102300644,-7.052276312590727],[-34.84211906790733,-7.050604625770193],[-34.84173953533173,-7.0487263000816265],[-34.841203428804874,-7.046756462305077],[-34.84049532562494,-7.04495698155996],[-34.838907122612,-7.041645492825025],[-34.836697317659855,-7.038174260604868],[-34.83493745326996,-7.035959473104133],[-34.83369290828705,-7.034639113989597],[-34.83069621026516,-7.032573383326815],[-34.82966221868992,-7.0312926123914306],[-34.82932962477207,-7.030354576047072],[-34.829227700829506,-7.029187934375415],[-34.82954487204552,-7.026859966370924],[-34.82957370579243,-7.025812443516722],[-34.82902988791466,-7.018383881474574],[-34.82834625989199,-7.016347029173388],[-34.82792314141989,-7.015379013740016],[-34.827109426259995,-7.010737902513558],[-34.826594442129135,-7.008757587808417],[-34.82546791434288,-7.005829195743871],[-34.82529222965241,-7.00489809632198],[-34.82536733150482,-7.002140061106851],[-34.826133102178574,-6.998246904254299],[-34.826830476522446,-6.993050209719831],[-34.82757546007633,-6.983303589358455],[-34.82753086835146,-6.981362094757606],[-34.82801333069801,-6.972857561299734],[-34.828082397580154,-6.972305119035584],[-34.82823360711336,-6.972025236892894],[-34.828237630426884,-6.971593599063302],[-34.82840929180384,-6.971044816082793],[-34.82840929180384,-6.970619167712993],[-34.82850048691034,-6.970363578826662],[-34.828537702560425,-6.969884016490602],[-34.828731156885624,-6.9693675129954835],[-34.82875797897577,-6.969042701227656],[-34.828977920114994,-6.968627367819613],[-34.82902619987726,-6.968371777847122],[-34.8292675986886,-6.967999375020551],[-34.82931587845088,-6.967653263102372],[-34.829696752130985,-6.9667160972414175],[-34.830895364284515,-6.965587235876429],[-34.83146533370018,-6.96527706476603],[-34.83292445540428,-6.964888352183585],[-34.83555033802986,-6.964624440118186],[-34.83629532158375,-6.964471683886411],[-34.83692530542612,-6.9642849817577215],[-34.83997732400894,-6.963038634984462],[-34.84123360365629,-6.962751758435921],[-34.842982068657875,-6.962496165261134],[-34.84296262264252,-6.9610913987252765],[-34.84303370118141,-6.961004536690537],[-34.84316982328892,-6.961127674436178],[-34.84314903616905,-6.963308538398369],[-34.84306521713734,-6.963615049978505],[-34.84300956130028,-6.965085370930006],[-34.84290227293968,-6.965596221517124],[-34.84248384833336,-6.966608269799186],[-34.84159201383591,-6.968242318810475],[-34.84056606888771,-6.969879690110589],[-34.8407843336463,-6.9703958602431575],[-34.837558306753635,-6.975857377978788],[-34.8370698094368,-6.975597798417612],[-34.83687803149223,-6.975901639607535],[-34.836540408432484,-6.975917280934005],[-34.83638986945152,-6.976522965939697],[-34.83593691140413,-6.977212846862548],[-34.83560800552368,-6.978166964148217],[-34.83544673770666,-6.979358692843296],[-34.835680425167084,-6.97939629830705],[-34.83547255396843,-6.979768359281167],[-34.83550641685724,-6.981241957442701],[-34.83464106917381,-6.984254366342853],[-34.83415525406599,-6.986547271734718],[-34.833804219961166,-6.989919386331388],[-34.83392793685198,-6.991388626322794],[-34.833982922136784,-6.991471822107077],[-34.83391284942627,-6.991522405136712],[-34.83382601290941,-6.992299785744995],[-34.83386892825365,-6.993343390555001],[-34.83438391238451,-6.994344397059402],[-34.83421225100756,-6.994919442378919],[-34.83472354710102,-6.995853889512737],[-34.83485598117113,-6.99670846773299],[-34.834748692810535,-6.997198318717824],[-34.83564991503954,-6.998582677417551],[-34.8357142880559,-6.99969016142098],[-34.835993237793446,-7.000286497872677],[-34.83736652880907,-7.000030925200967],[-34.83813900500536,-7.000712452014427],[-34.83910460025072,-7.001947716826441],[-34.839490838348866,-7.002607943229533],[-34.84041351824999,-7.003119085609503],[-34.84321508556605,-7.0056811117929145],[-34.84391111880541,-7.005887763765442],[-34.844546131789684,-7.006551312314094],[-34.84561700373888,-7.007931982771508],[-34.846111536026,-7.008737288790385],[-34.846197701990604,-7.009078378730098],[-34.84654102474451,-7.009291019063766],[-34.84714150428772,-7.010270694089429],[-34.847163297235966,-7.010835071158261],[-34.847516007721424,-7.011052369458266],[-34.849254079163074,-7.014044619967148],[-34.851485677063465,-7.017611868581548],[-34.8561416566372,-7.01760887370144],[-34.85768996179104,-7.020636022113893],[-34.858735017478466,-7.031978752001512],[-34.859762974083424,-7.049358177013503],[-34.86161034554243,-7.054552245934842],[-34.864542335271835,-7.05989166142779],[-34.863729290664196,-7.060482596876864],[-34.86206632107496,-7.061428557851509],[-34.86161034554243,-7.0616232066337155],[-34.86042480915785,-7.061982225283821],[-34.8591373488307,-7.062014167615466],[-34.85815566033125,-7.062280353626691],[-34.857243709266186,-7.063281211657876],[-34.85680919140577,-7.063941350875807],[-34.85680919140577,-7.064878321050768],[-34.8569754883647,-7.065646595249615],[-34.857528023421764,-7.066663749727834],[-34.85804837197065,-7.067401742645443],[-34.85883694142103,-7.06827648565492],[-34.859255366027355,-7.069105310614984],[-34.85956650227308,-7.070970577246412],[-34.85948067158461,-7.07174050494419],[-34.85879939049482,-7.073859296752976],[-34.85898714512587,-7.075122981083163],[-34.85921781510115,-7.075568164470311],[-34.85957723110914,-7.075926506840004],[-34.86014049500227,-7.076260227478258],[-34.86106853932142,-7.076435904845879],[-34.862221889197826,-7.076506774674122],[-34.8635683581233,-7.076698755327885],[-34.86456077545881,-7.077587787747512],[-34.86531179398298,-7.078497779861312],[-34.86557465046644,-7.0790357889798505],[-34.865773133933544,-7.080371991967662],[-34.86580532044172,-7.080955581400907],[-34.8654405400157,-7.0819297815006035],[-34.86470025032759,-7.082696363738898],[-34.86391168087721,-7.083234035242855],[-34.86334305256605,-7.083944053458905],[-34.863246493041515,-7.084710299632108],[-34.86329477280378,-7.085908076595842],[-34.86306946724653,-7.087066922845746],[-34.862720780074596,-7.087892054201934],[-34.86209750175476,-7.088181515254998],[-34.86158017069101,-7.088193825663595]]]]},"id":"70ad3cbe-70f5-4cc0-bbfd-a75821af0ec3","properties":{"text":"Cabedelo","value":25}},{"type":"Feature","geometry":{"type":"Polygon","coordinates":[[[-34.93785213679075,-7.165027966977429],[-34.93479911237955,-7.168218478315605],[-34.93396192789078,-7.1685574542786314],[-34.932662062346935,-7.168721120698455],[-34.93177693337202,-7.16800857256335],[-34.93073120713234,-7.16773213552182],[-34.92962412536144,-7.167323633786357],[-34.92846541106701,-7.167129695130628],[-34.92751590907574,-7.167444720658178],[-34.92627941071987,-7.168590387160534],[-34.92556594312191,-7.170066376604104],[-34.92514953017235,-7.170565025100805],[-34.92455072700977,-7.17096786881788],[-34.92334708571434,-7.1710533607912605],[-34.922344610095024,-7.171038724034311],[-34.921635165810585,-7.17081651139371],[-34.9206005036831,-7.169756342707134],[-34.91941496729851,-7.168844535785093],[-34.9183739349246,-7.168351873204564],[-34.917626939713955,-7.167645312300865],[-34.917141795158386,-7.166960040321216],[-34.91621810942888,-7.166405168856368],[-34.916026666760445,-7.166071513807335],[-34.916120544075966,-7.165259829517495],[-34.91609238088131,-7.164938481977067],[-34.915963634848595,-7.1646008339549825],[-34.91558041423559,-7.164042965689722],[-34.91408374160528,-7.162462168900814],[-34.91331126540899,-7.161443896012971],[-34.91299945861101,-7.160656155087356],[-34.91270709782839,-7.158737694193875],[-34.912806674838066,-7.156911373136975],[-34.91273157298565,-7.155955296138594],[-34.912464022636414,-7.155002876455258],[-34.911913834512234,-7.154165557194651],[-34.91065688431263,-7.153326240399233],[-34.910670295357704,-7.152874811742251],[-34.910046346485615,-7.152155585502342],[-34.9099226295948,-7.150785659308325],[-34.90997761487961,-7.150725113665358],[-34.90989077836275,-7.150590050279015],[-34.91018783301115,-7.149961971740915],[-34.910390339791775,-7.149924047479503],[-34.91089794784784,-7.14941173697289],[-34.9110159650445,-7.148933690871544],[-34.91165433079004,-7.147946991491138],[-34.91206772625446,-7.147606004190253],[-34.91257265210152,-7.1474296887055555],[-34.913181848824024,-7.147327558761631],[-34.9133126065135,-7.147120304766143],[-34.91314698010683,-7.146945985120893],[-34.9131915718317,-7.146650905722548],[-34.913816191256046,-7.145955289385692],[-34.91504196077585,-7.14515953759578],[-34.91530951112509,-7.144515483293214],[-34.91571485996246,-7.1441388974024616],[-34.916073270142086,-7.14300314973669],[-34.91643738001585,-7.142359092396071],[-34.91681523621082,-7.142258957366473],[-34.917095527052886,-7.142302537730878],[-34.91728361696005,-7.142099273552987],[-34.91759140044451,-7.142192089776376],[-34.9177610501647,-7.142040722807426],[-34.917826764285564,-7.14148083092416],[-34.91772718727589,-7.140863052810061],[-34.917353354394436,-7.140656461235159],[-34.917323514819145,-7.1404172673305535],[-34.9173966050148,-7.14025691752197],[-34.91753540933132,-7.14020568541359],[-34.91755250841379,-7.140034357217303],[-34.9174053221941,-7.1399159244848915],[-34.91745192557573,-7.139754576471409],[-34.917900525033474,-7.1394115870000805],[-34.91784319281578,-7.139102530311451],[-34.9177074059844,-7.138849695836122],[-34.9178958311677,-7.138144419982109],[-34.91816807538272,-7.1383576662394335],[-34.91842690855265,-7.138118138455222],[-34.91862002760172,-7.136913178727538],[-34.918067157268524,-7.136066843990367],[-34.91818115115166,-7.1356270420663215],[-34.91833135485649,-7.135492639578594],[-34.91902034729719,-7.1352877089767865],[-34.9193013086915,-7.1351110560629705],[-34.91937071084976,-7.13482561674736],[-34.91888791322708,-7.134642975413602],[-34.918488934636116,-7.133707145359685],[-34.91830788552761,-7.133511861705114],[-34.91809833794832,-7.133440002622168],[-34.91777244955301,-7.13344998305102],[-34.9175950884819,-7.133299611233126],[-34.917586371302605,-7.133088691387601],[-34.917765744030476,-7.132895403557415],[-34.917860962450504,-7.13258268297087],[-34.91776775568724,-7.132308220577987],[-34.91748679429293,-7.131996497636487],[-34.91593882441521,-7.13087535787506],[-34.915594831109054,-7.130519719792773],[-34.91466913372278,-7.130204668800697],[-34.91329316049814,-7.129379280749625],[-34.91234868764877,-7.128076155998614],[-34.91183806210756,-7.127745134441389],[-34.91116784512997,-7.127743803700986],[-34.90899223834276,-7.128377901069063],[-34.908453449606895,-7.128440113093035],[-34.90809302777052,-7.128305043126481],[-34.90693364292383,-7.12744837923401],[-34.90318827331066,-7.125930333614541],[-34.90204028785229,-7.123707650254294],[-34.90130636841059,-7.121393799145954],[-34.90087855607271,-7.120873139451261],[-34.900085628032684,-7.120712782800058],[-34.8982560262084,-7.120892768166135],[-34.89589735865593,-7.122210884350431],[-34.8948372155428,-7.122246482084793],[-34.89417336881161,-7.121524213494464],[-34.89410597831011,-7.119224657094989],[-34.89418510347605,-7.118159378362818],[-34.8936952650547,-7.1162251026621215],[-34.89277694374323,-7.114474799030954],[-34.891388565301895,-7.112509899757763],[-34.89122662693262,-7.110195992186512],[-34.893970526754856,-7.108014487342514],[-34.89580247551203,-7.105968381423314],[-34.89658232778311,-7.103178010588665],[-34.896163903176785,-7.102871258403663],[-34.894283674657345,-7.099954108093822],[-34.891247414052486,-7.094597855228598],[-34.89053092896938,-7.093556807232418],[-34.895770624279976,-7.090824585700613],[-34.897766187787056,-7.090409361136163],[-34.90012653172016,-7.090334833610598],[-34.90208990871906,-7.090058016981584],[-34.904782846570015,-7.089291446986898],[-34.90601666271687,-7.088684578169847],[-34.90684278309345,-7.0876305409562175],[-34.90719683468342,-7.086863966922876],[-34.908001497387886,-7.084202241630001],[-34.90884907543659,-7.080997503988548],[-34.90910656750202,-7.080454506367911],[-34.90944989025593,-7.080092507599085],[-34.909771755337715,-7.079900861077018],[-34.910533502697945,-7.079634685219918],[-34.91189606487751,-7.079687920403622],[-34.91244323551655,-7.0799115081081485],[-34.91286166012287,-7.080262859996259],[-34.91345174610615,-7.081210444057422],[-34.91357211023569,-7.08165262710518],[-34.91358049213887,-7.082232555019553],[-34.91341955959797,-7.0826477869508295],[-34.91277113556862,-7.083395070398035],[-34.91247173398733,-7.083922094149003],[-34.91228397935629,-7.084502684641934],[-34.91237785667181,-7.085227340403215],[-34.91275370121002,-7.085879795786722],[-34.91409782320261,-7.086683302804866],[-34.91453904658556,-7.087163742770896],[-34.9153121933341,-7.088146247596197],[-34.91579867899418,-7.089039915929454],[-34.9165279045701,-7.090113912660464],[-34.91685714572668,-7.090866507390637],[-34.9169097840786,-7.091424797470283],[-34.916737116873264,-7.0919817560291705],[-34.916409216821194,-7.092251251864232],[-34.915844947099686,-7.09219369289049],[-34.91532862186432,-7.0925041120105305],[-34.91523843258619,-7.09280321876745],[-34.91547714918852,-7.093793363886933],[-34.91576883941889,-7.094486397661769],[-34.91465840488672,-7.0938758758841205],[-34.91432949900627,-7.09398567005099],[-34.91418432444334,-7.094705652969054],[-34.913973435759544,-7.095264271102509],[-34.912890158593655,-7.096354888708708],[-34.91209287196398,-7.096943448509178],[-34.91027768701315,-7.097712002005164],[-34.909858256578445,-7.098090954966398],[-34.90872837603092,-7.0988022811044065],[-34.908389411866665,-7.099354572857267],[-34.90807592868805,-7.099584805127088],[-34.908404499292374,-7.100154396605845],[-34.90848496556282,-7.100572606722663],[-34.908405505120754,-7.101612973438534],[-34.90859962999821,-7.102077095342836],[-34.90903951227665,-7.102358229888586],[-34.90950085222721,-7.10257947766472],[-34.91009630262852,-7.102465693107448],[-34.91126473993063,-7.101758697785793],[-34.91177000105381,-7.101672527458175],[-34.912396632134914,-7.101672527458175],[-34.91307254880667,-7.101893775564183],[-34.91372901946306,-7.102269730748359],[-34.91414442658425,-7.103052248871608],[-34.914150796830654,-7.103802826228337],[-34.913914762437344,-7.1043148550252715],[-34.913429617881775,-7.104855828300306],[-34.91269066929817,-7.105334918492019],[-34.91233225911856,-7.105809683071301],[-34.91230443120003,-7.106333686855472],[-34.912146516144276,-7.107082928053699],[-34.91233192384243,-7.107632215562847],[-34.9137994274497,-7.1090857781897725],[-34.91339609026909,-7.113627092079278],[-34.91362173110247,-7.114571280492162],[-34.914422035217285,-7.116051103949482],[-34.91454139351845,-7.116608365368178],[-34.91568334400654,-7.117089439457628],[-34.9165453389287,-7.116494251592467],[-34.9180218949914,-7.115848160816997],[-34.91896469146013,-7.115885422513627],[-34.91943810135126,-7.116219446873265],[-34.919632226228714,-7.116659600115388],[-34.91970900446177,-7.117316003221317],[-34.919289238750935,-7.119309160673664],[-34.91938177496195,-7.1202746295895825],[-34.91982970386744,-7.121338905340183],[-34.920342676341534,-7.1219537155892345],[-34.92068398743868,-7.122073816412872],[-34.92131195962429,-7.121972346189982],[-34.921871200203896,-7.12161703388826],[-34.92231108248234,-7.121143616414352],[-34.92260981351138,-7.119605921149454],[-34.923033602535725,-7.118842727340533],[-34.92407765239477,-7.1184814241617],[-34.92519311606885,-7.118303101309251],[-34.926344119012356,-7.118446824210698],[-34.927212484180934,-7.1187129776129305],[-34.92918994277716,-7.1195177580236715],[-34.929771311581135,-7.119546036763982],[-34.930467680096626,-7.11946685628672],[-34.93095047771931,-7.119208022530452],[-34.93136454373598,-7.1193480855452105],[-34.931945912539966,-7.119392000780956],[-34.93202906101942,-7.119729682188026],[-34.931797720491886,-7.1201305745701875],[-34.93184231221676,-7.120331186975129],[-34.931789338588715,-7.1206332698339585],[-34.931436628103256,-7.121045472885276],[-34.93137460201979,-7.121294990290844],[-34.93151541799307,-7.121472979290518],[-34.931760504841805,-7.1215534901798465],[-34.93230935186148,-7.1213518802403275],[-34.93265971541405,-7.121353543689026],[-34.932779744267464,-7.121443369910337],[-34.93331417441368,-7.122496664214698],[-34.93477866053581,-7.124488468402947],[-34.93513472378254,-7.1245144180245905],[-34.93546094745398,-7.124302163383888],[-34.93619687855244,-7.124252592928567],[-34.93708569556475,-7.123972137164292],[-34.937686175107956,-7.123727611535865],[-34.93858840316534,-7.1230592408193605],[-34.9392830953002,-7.122766474842754],[-34.94010753929615,-7.122706258181211],[-34.94137823581696,-7.1229927031138],[-34.94155492633581,-7.123087852029756],[-34.94168736040592,-7.123240556017956],[-34.94177721440792,-7.123741584432443],[-34.942137971520424,-7.12460590706354],[-34.9427642673254,-7.125863463639257],[-34.94305830448866,-7.1261196321483204],[-34.94317263364792,-7.126392102132659],[-34.94322996586561,-7.127574799637338],[-34.943443201482296,-7.128204239652568],[-34.94389582425356,-7.128979727192695],[-34.94383782148361,-7.129416541346661],[-34.94365207850933,-7.1297112991770994],[-34.94360111653805,-7.12995249477761],[-34.94373254477978,-7.130158093134074],[-34.94367588311434,-7.130667763742708],[-34.94380362331867,-7.1311990581532845],[-34.943985007703304,-7.131188412310142],[-34.944226406514645,-7.1313341272664825],[-34.94458246976137,-7.131358080405544],[-34.94346600025892,-7.132552741626923],[-34.947302900254726,-7.134686556503504],[-34.947506748139865,-7.134723816668672],[-34.95155721902847,-7.137025291348535],[-34.950043112039566,-7.138618152562424],[-34.957069493830204,-7.148472610441826],[-34.954456351697445,-7.148501220063573],[-34.93785213679075,-7.165027966977429]]]},"id":"d8bf1045-349e-4d44-99b8-b4c562149d35","properties":{"text":"Bayeux","value":5}},{"type":"Feature","geometry":{"type":"Polygon","coordinates":[[[-34.9165279045701,-7.090113912660464],[-34.91579867899418,-7.089039915929454],[-34.9153121933341,-7.088146247596197],[-34.91453904658556,-7.087163742770896],[-34.91409782320261,-7.086683302804866],[-34.91275370121002,-7.085879795786722],[-34.91237785667181,-7.085227340403215],[-34.91228397935629,-7.084502684641934],[-34.91247173398733,-7.083922094149003],[-34.91277113556862,-7.083395070398035],[-34.91341955959797,-7.0826477869508295],[-34.91358049213887,-7.082232555019553],[-34.91357211023569,-7.08165262710518],[-34.91345174610615,-7.081210444057422],[-34.91286166012287,-7.080262859996259],[-34.91244323551655,-7.0799115081081485],[-34.91189606487751,-7.079687920403622],[-34.910533502697945,-7.079634685219918],[-34.909771755337715,-7.079900861077018],[-34.90944989025593,-7.080092507599085],[-34.90910656750202,-7.080454506367911],[-34.90884907543659,-7.080997503988548],[-34.908001497387886,-7.084202241630001],[-34.90719683468342,-7.086863966922876],[-34.90684278309345,-7.0876305409562175],[-34.90601666271687,-7.088684578169847],[-34.904782846570015,-7.089291446986898],[-34.90208990871906,-7.090058016981584],[-34.90012653172016,-7.090334833610598],[-34.897766187787056,-7.090409361136163],[-34.895770624279976,-7.090824585700613],[-34.89053092896938,-7.093556807232418],[-34.864542335271835,-7.05989166142779],[-34.86161034554243,-7.054552245934842],[-34.859762974083424,-7.049358177013503],[-34.858735017478466,-7.031978752001512],[-34.85768996179104,-7.020636022113893],[-34.8561416566372,-7.01760887370144],[-34.869465194642544,-7.017600554589996],[-34.869942627847195,-7.012659974406489],[-34.870494827628136,-7.0115016075825345],[-34.87108156085014,-7.008884373458426],[-34.87111575901508,-7.006117376960853],[-34.871279038488865,-7.00288281543835],[-34.87194087356329,-6.998950729784791],[-34.87256683409214,-6.993924759952886],[-34.87340234220028,-6.990648848757342],[-34.87344693392515,-6.990054163918277],[-34.87388513982296,-6.987725002078083],[-34.87397734075785,-6.986975235124409],[-34.87393442541361,-6.9858334439029015],[-34.87352170050144,-6.985501322237192],[-34.87345430999994,-6.985285343191728],[-34.873653799295425,-6.984797476444518],[-34.87466298043728,-6.9831664803024305],[-34.874924160540104,-6.982048973439375],[-34.874215386807926,-6.981160090999898],[-34.873671904206276,-6.9806422687779435],[-34.873511642217636,-6.979698140282753],[-34.87225268036127,-6.978707086186315],[-34.869571812450886,-6.976087005932202],[-34.87021788954735,-6.974248647970795],[-34.87038217484951,-6.972387319823371],[-34.87033825367689,-6.970520326714879],[-34.87041436135769,-6.968894272824433],[-34.870782159268856,-6.9676619159034665],[-34.872029051184654,-6.966589632954793],[-34.873511642217636,-6.966057151373862],[-34.8750589415431,-6.965983602307956],[-34.87665317952633,-6.966171967765869],[-34.878083132207394,-6.966486464695715],[-34.87917881458998,-6.9665736585161735],[-34.88031271845102,-6.966326387448798],[-34.8811012879014,-6.965877105902516],[-34.88137286156416,-6.965404195009903],[-34.881260208785534,-6.964652395501641],[-34.880691580474384,-6.96392089575299],[-34.87993821501732,-6.963360788486455],[-34.87905006855726,-6.962460888067233],[-34.87866148352623,-6.9616578319827624],[-34.87863466143608,-6.96068637523061],[-34.878970608115196,-6.959730225528375],[-34.88039217889309,-6.958154055251606],[-34.8813158646226,-6.95747878980389],[-34.8821047693491,-6.957185919322564],[-34.88288462162018,-6.957227520254323],[-34.88359373062849,-6.957518061059113],[-34.88454859703779,-6.958250902015372],[-34.88534890115261,-6.959178433411089],[-34.886060021817684,-6.960628799964299],[-34.886491522192955,-6.96101219119998],[-34.88710206001997,-6.961288086261735],[-34.88805692642927,-6.961421208067048],[-34.88937523216009,-6.961161287707058],[-34.89161252975464,-6.960379861737307],[-34.892478212714195,-6.959939893050635],[-34.89290200173855,-6.958986737083431],[-34.89309076219797,-6.957966684995563],[-34.893569201231,-6.957508742456465],[-34.894205555319786,-6.957373289890213],[-34.89515405148268,-6.957682134996564],[-34.8964274302125,-6.958469223169028],[-34.89765822887421,-6.9586565932245055],[-34.89829123020172,-6.958609667516009],[-34.89879112690687,-6.9583041510866],[-34.89900670945645,-6.957639535683627],[-34.898741506040096,-6.95558078615638],[-34.898987263441086,-6.954939796342816],[-34.89971246570349,-6.954917498135182],[-34.90028243511915,-6.955290244153042],[-34.900717958807945,-6.95607500667708],[-34.901240319013596,-6.956559575248256],[-34.901693277060986,-6.95665009899181],[-34.902213625609875,-6.956294660074853],[-34.90277789533138,-6.955019670510606],[-34.90331970155239,-6.954072827939446],[-34.90390006452799,-6.953300708858881],[-34.90415956825018,-6.952821461894728],[-34.90431312471628,-6.952364845582455],[-34.90441504865885,-6.951660617222168],[-34.904721826314926,-6.95118902325476],[-34.905022233724594,-6.950997323666271],[-34.905732683837414,-6.9510718735155255],[-34.906468614935875,-6.95133279789485],[-34.907460026443005,-6.951952492715065],[-34.90757569670677,-6.952363514338902],[-34.90734066814184,-6.952897342696617],[-34.90698795765638,-6.953208187608021],[-34.90622486919165,-6.9535127089224655],[-34.90588389337063,-6.953898102827543],[-34.90588590502739,-6.954476525901767],[-34.90616988390684,-6.954921159035029],[-34.906721748411655,-6.955003362869114],[-34.90729942917824,-6.95482897091249],[-34.9077383056283,-6.954494497608425],[-34.909336902201176,-6.952344544118017],[-34.90962591022253,-6.951749477853222],[-34.909885078668594,-6.950728411611729],[-34.910044334828854,-6.950555349317019],[-34.91060860455036,-6.950430544738036],[-34.910962991416454,-6.950533383713499],[-34.91148233413696,-6.951146423352962],[-34.91197820752859,-6.951330468213505],[-34.91267256438732,-6.951407347690901],[-34.91252236068249,-6.9517401591361505],[-34.91266217082739,-6.95220542914151],[-34.91281270980835,-6.95238647828948],[-34.913329035043716,-6.952445718620541],[-34.91385072469711,-6.952690001704523],[-34.913962706923485,-6.95288136779197],[-34.91398483514786,-6.953101688303938],[-34.913868829607964,-6.953287063639561],[-34.91364285349846,-6.953410536219304],[-34.91293374449015,-6.953414197130869],[-34.91273760795593,-6.953497732468981],[-34.91263031959534,-6.95363518301293],[-34.91268631070852,-6.9537559930219945],[-34.9128532782197,-6.953860495318807],[-34.91358384490013,-6.95405918274258],[-34.91373673081398,-6.954605323117654],[-34.913869835436344,-6.954737448390289],[-34.914080053567886,-6.954733121870599],[-34.91425707936287,-6.954541090918793],[-34.91436067968607,-6.954134064915653],[-34.914676174521446,-6.953945029006851],[-34.91490349173546,-6.953905757452872],[-34.915383607149124,-6.953955678919246],[-34.91607025265694,-6.954150039777707],[-34.917421750724316,-6.955016009611521],[-34.92200028151274,-6.9549997019699275],[-34.93400014936924,-6.9469999034965975],[-34.970000088214874,-6.92099970253286],[-34.989145025610924,-6.908180796437272],[-34.98948734253645,-6.908433090668126],[-34.990512281656265,-6.908877767243363],[-34.9962143227458,-6.911123111287586],[-34.9978169426322,-6.911497223311547],[-35.00689052045345,-6.913288563436535],[-35.007138289511204,-6.913413377852173],[-35.00750407576561,-6.913308866583703],[-35.00768110156059,-6.913411713660179],[-35.00772703438997,-6.913517889097526],[-35.00775184482336,-6.91416958608679],[-35.00782661139965,-6.9142381506820145],[-35.00816088169813,-6.9139878565775135],[-35.008290968835354,-6.914008492532618],[-35.008539743721485,-6.914236153655125],[-35.008747950196266,-6.9148515703801925],[-35.009135864675045,-6.915009668111439],[-35.0093061849475,-6.915188401693403],[-35.009363517165184,-6.915137477607088],[-35.00934172421694,-6.91496606642663],[-35.0094248726964,-6.914874868996544],[-35.009602569043636,-6.914954084283552],[-35.00970248132944,-6.91479864923307],[-35.00986810773611,-6.9147467265923765],[-35.01021612435579,-6.914775350612953],[-35.010906122624874,-6.91516809862697],[-35.011458322405815,-6.9153418395934],[-35.0122794136405,-6.915245982516372],[-35.01240815967322,-6.915287254315821],[-35.01252416521311,-6.915361476978299],[-35.012575797736645,-6.915607776312902],[-35.01264117658138,-6.915653042122594],[-35.01298751682043,-6.915554855250484],[-35.013515911996365,-6.916090056665067],[-35.013743564486504,-6.916094383539708],[-35.01405570656061,-6.916237170380491],[-35.014305487275124,-6.916127001516469],[-35.01457303762436,-6.916320046638922],[-35.01496732234955,-6.916155625453409],[-35.01517083495855,-6.91622252557829],[-35.01576963812113,-6.916100041760328],[-35.01619275659323,-6.915784179811461],[-35.016670525074005,-6.915687324313817],[-35.0173082202673,-6.91540940550752],[-35.0176602602005,-6.915432704096367],[-35.01780040562153,-6.915324199229994],[-35.0178087875247,-6.915026642812089],[-35.017668306827545,-6.914850571868026],[-35.01772530376911,-6.914718102570096],[-35.01784298568964,-6.914655529119951],[-35.01787584275007,-6.914410893477373],[-35.017949268221855,-6.914360634982721],[-35.01808471977711,-6.914434857790818],[-35.01821380108595,-6.914347654311066],[-35.018355287611485,-6.91435098268845],[-35.01878343522549,-6.91405142862991],[-35.019463039934635,-6.913888670845132],[-35.01959480345249,-6.913912635185064],[-35.0196823105216,-6.914028129972961],[-35.01982614398003,-6.914445841434083],[-35.02020064741373,-6.9144891103292485],[-35.02036225050688,-6.914788664110304],[-35.02074480056763,-6.914980045593188],[-35.02154979854822,-6.915924636889591],[-35.02196319401264,-6.9159572548781085],[-35.02207551151514,-6.916035138637387],[-35.02226158976555,-6.91639992735616],[-35.02242486923933,-6.91649079165561],[-35.02251606434584,-6.9165237424411865],[-35.02302400767803,-6.916310394384663],[-35.02324428409338,-6.916319048129872],[-35.02363320440054,-6.916448521452541],[-35.023789443075664,-6.916634909721054],[-35.0240945443511,-6.916408248263448],[-35.02452872693539,-6.916817969556051],[-35.02497497946024,-6.916830284487868],[-35.02511579543352,-6.917030984547472],[-35.02542492002249,-6.917018003949172],[-35.02578902989626,-6.917263303912935],[-35.02624601125717,-6.917200730799942],[-35.026698634028435,-6.917779198943325],[-35.026844814419746,-6.918079416308071],[-35.0269628316164,-6.91811036997227],[-35.027147233486176,-6.918002864226529],[-35.02743724733591,-6.918305744128672],[-35.02776816487312,-6.91830607696363],[-35.027869418263435,-6.918690834009451],[-35.02814903855324,-6.918882879580256],[-35.028371661901474,-6.918956768843189],[-35.02856109291315,-6.918864240845443],[-35.02904288470745,-6.918923818227353],[-35.029240027070045,-6.91860229997653],[-35.02941872924566,-6.918574674692171],[-35.029468685388565,-6.918630590928681],[-35.02939760684967,-6.919034984942252],[-35.02962525933981,-6.919020340226805],[-35.02970304340124,-6.919134502428267],[-35.02969365566969,-6.91930757626708],[-35.02990689128637,-6.919582497272896],[-35.030029602348804,-6.919589486787881],[-35.03011912107468,-6.9194500293021735],[-35.03035046160221,-6.919662044604253],[-35.0305962190032,-6.91967901913767],[-35.03074675798416,-6.919921322214738],[-35.03096837550402,-6.919881382155657],[-35.031247325241566,-6.920023169350139],[-35.031382106244564,-6.91985741811859],[-35.03157086670399,-6.9198763896480315],[-35.031910836696625,-6.9201573013282305],[-35.03235273063183,-6.9202757900911],[-35.0325046107173,-6.920190584691611],[-35.03247745335102,-6.920057118390396],[-35.032116025686264,-6.919717960712001],[-35.0321264192462,-6.91964939691231],[-35.03224108368158,-6.919651061082307],[-35.0323748588562,-6.919760896290253],[-35.03303535282612,-6.919670698288027],[-35.03307491540909,-6.919520922969489],[-35.032763443887234,-6.919403765353903],[-35.03290828317404,-6.919283279366595],[-35.03310810774565,-6.9192629764762374],[-35.033580511808395,-6.9195635257316095],[-35.03375452011824,-6.919470997852754],[-35.033801458776,-6.919082247429863],[-35.034123323857784,-6.919258316796357],[-35.03420848399401,-6.919461678497065],[-35.03432784229517,-6.919201402131203],[-35.034473687410355,-6.91914648446533],[-35.03464266657829,-6.919512269282979],[-35.034722462296486,-6.919511936448872],[-35.03482639789581,-6.9193188926312486],[-35.03529544919729,-6.919280616692498],[-35.035521760582924,-6.9193558372300386],[-35.035554617643356,-6.919140493446837],[-35.036104805767536,-6.919251327276448],[-35.03657553344965,-6.919602800149513],[-35.036854818463326,-6.919978236793127],[-35.03732521086931,-6.920907840601787],[-35.037758722901344,-6.921375470898239],[-35.03805745393038,-6.921850090212975],[-35.03834042698145,-6.922094056337012],[-35.03871727734804,-6.922850250670455],[-35.039126984775066,-6.92321137297697],[-35.039176270365715,-6.923757549138552],[-35.03969494253397,-6.924278429532393],[-35.040160305798054,-6.924520064586925],[-35.04033129662275,-6.924712773446685],[-35.04078760743141,-6.924972048282289],[-35.042129717767246,-6.9254586458561365],[-35.042700693011284,-6.925996831507406],[-35.043824538588524,-6.9264125354027435],[-35.044697932899005,-6.927101491412061],[-35.046073235571384,-6.927588752445773],[-35.04671562463045,-6.9280793412565975],[-35.04803694784642,-6.929658274913939],[-35.04831690341234,-6.929846654925549],[-35.049244947731495,-6.930247378233406],[-35.049561113119125,-6.930547920490744],[-35.05024842917919,-6.930892395599851],[-35.05151007324457,-6.930948976028453],[-35.05251355469227,-6.931605641329742],[-35.05416948348284,-6.932919967661273],[-35.05527522414923,-6.9335543309957925],[-35.05613386631012,-6.93391677640004],[-35.05733113735914,-6.934195017127248],[-35.05840469151735,-6.934777458308843],[-35.059229135513306,-6.9351116128102515],[-35.06015047430992,-6.935180840007977],[-35.060997381806374,-6.934955851578149],[-35.0634341686964,-6.934620032849074],[-35.06433639675379,-6.934762481258941],[-35.065128318965435,-6.935131582195252],[-35.06677184253931,-6.936132047300394],[-35.06750576198101,-6.936467532129305],[-35.0683007016778,-6.936524444710509],[-35.07417540997267,-6.935743643435092],[-35.07567510008812,-6.93567674607891],[-35.07655318826437,-6.935886424327704],[-35.077999904751785,-6.935789240135114],[-35.0795753672719,-6.936135375524069],[-35.08068513125181,-6.936981742043111],[-35.08147906512022,-6.9373967706061075],[-35.082464441657066,-6.938140958837571],[-35.08369389921427,-6.938930409468191],[-35.08590571582317,-6.939489214573962],[-35.08860468864441,-6.939799402708508],[-35.089610517024994,-6.939995433516454],[-35.09103611111641,-6.940103267066979],[-35.09314600378275,-6.9400470205576],[-35.09414680302143,-6.9398949219748545],[-35.09475700557232,-6.939919217813047],[-35.09509865194559,-6.9398689620367895],[-35.09522270411253,-6.939783760178721],[-35.09553786367178,-6.9400460220987785],[-35.09635727852583,-6.939297510216956],[-35.09682398289442,-6.939112462187165],[-35.09703252464533,-6.938884480251928],[-35.097359754145145,-6.938721731036442],[-35.09756226092577,-6.938744030012041],[-35.097632333636284,-6.938832893083356],[-35.09795553982258,-6.9388535279514745],[-35.09809568524361,-6.939245257453324],[-35.09829517453909,-6.939379051142251],[-35.099398232996464,-6.9396116923167215],[-35.1019087806344,-6.939164382145314],[-35.10295484215021,-6.939133097043031],[-35.10663013905287,-6.93818089734982],[-35.10825891047716,-6.937904988725162],[-35.10884463787079,-6.937657702570712],[-35.110605508089066,-6.938302044149615],[-35.11114630848169,-6.938335326232033],[-35.112884379923344,-6.939121781154432],[-35.114342495799065,-6.939473904853879],[-35.11653754860163,-6.940353214491923],[-35.120054595172405,-6.942695924316398],[-35.12078080326319,-6.9430730066520425],[-35.12161061167717,-6.943088649072508],[-35.132314302027225,-6.942359778290244],[-35.133616514503956,-6.942539832775703],[-35.13700012117624,-6.9439999023708925],[-35.13911873102188,-6.962942454815456],[-35.13991266489029,-6.9649871943690895],[-35.14126483350993,-6.968011688612909],[-35.14354471117258,-6.972069166086886],[-35.145001485943794,-6.97424831517544],[-35.13800024986267,-6.982999752973814],[-35.13500019907951,-7.006999889233154],[-35.12700017541647,-7.0089998448734185],[-35.1290000975132,-7.010999791930956],[-35.16100019216538,-7.031999715513902],[-35.05900014191866,-7.0809998330210595],[-35.05200024694204,-7.100999799480468],[-35.04700027406216,-7.115999869134335],[-35.0450000166893,-7.120999894357902],[-35.04700027406216,-7.12799997115889],[-35.03900025039911,-7.128999688244617],[-35.04300009459257,-7.135999975495123],[-35.04200030118227,-7.142999822996553],[-35.05400016903877,-7.183999720620752],[-35.0670001655817,-7.228999910264795],[-35.0550002977252,-7.266999788183977],[-35.0450000166893,-7.273999940805547],[-35.0450000166893,-7.276999782760114],[-35.04300009459257,-7.277999836480086],[-35.03900025039911,-7.275999726811182],[-35.01700010150671,-7.26999967690743],[-34.99100010842085,-7.26799986417838],[-34.97400026768446,-7.273999940805547],[-34.96900029480457,-7.281999696492733],[-34.96300019323826,-7.281999696492733],[-34.96013827621937,-7.2808147412668855],[-34.95909221470356,-7.281063173059754],[-34.958932623267174,-7.280932804585898],[-34.95889808982611,-7.280510437076047],[-34.95878241956234,-7.2804046788498935],[-34.95869155973196,-7.280429621830013],[-34.958660043776035,-7.280681379564954],[-34.95844714343548,-7.2807525501539665],[-34.95837204158306,-7.280861301452757],[-34.958421997725964,-7.281237441062592],[-34.95826240628958,-7.281389426651018],[-34.958246648311615,-7.281566687676991],[-34.958152770996094,-7.281581985998639],[-34.95812628418207,-7.281267372582977],[-34.9574114754796,-7.280940121184929],[-34.957357831299305,-7.280552008699008],[-34.95703462511302,-7.280115007605917],[-34.9567898735404,-7.279498416298253],[-34.9564378336072,-7.279328471080116],[-34.956231974065304,-7.278838256919829],[-34.955590926110744,-7.27812954065693],[-34.95532672852278,-7.277144120548045],[-34.95441645383835,-7.276843472200074],[-34.95415225625038,-7.276508235751455],[-34.953819662332535,-7.276566769117676],[-34.953643307089806,-7.276746360079998],[-34.953222535550594,-7.27662962596266],[-34.95314911007881,-7.276561780478802],[-34.95312463492155,-7.276328644693818],[-34.952845685184,-7.276178320271812],[-34.952649883925915,-7.276178320271812],[-34.95238568633795,-7.276343278041951],[-34.952126517891884,-7.276328644693818],[-34.951906241476536,-7.275954829002633],[-34.95176408439875,-7.275886983416767],[-34.951367788016796,-7.276051941293975],[-34.95126016438007,-7.276542491074687],[-34.95114281773567,-7.276717093409571],[-34.95079044252634,-7.276746360079998],[-34.950609393417835,-7.2766103365614345],[-34.95054569095373,-7.275993740436985],[-34.95044309645891,-7.275784882442201],[-34.95009072124958,-7.275707392110488],[-34.94993381202221,-7.275891972063123],[-34.94983121752739,-7.275911261495239],[-34.94962066411972,-7.275784882442201],[-34.949181117117405,-7.275750627061196],[-34.94894340634346,-7.275449977779529],[-34.94801200926304,-7.273994952138124],[-34.94772434234619,-7.273163506796841],[-34.947510436177254,-7.272900437170164],[-34.94659177958965,-7.269964423342544],[-34.946032874286175,-7.268509379924776],[-34.94546223431826,-7.267319732924517],[-34.94427502155304,-7.265737633892951],[-34.94335502386093,-7.264097659478075],[-34.9433084204793,-7.262376860584664],[-34.94356490671635,-7.261187197352177],[-34.94366582483053,-7.260165820564632],[-34.94289804250002,-7.254865998531231],[-34.942525550723076,-7.252737404808738],[-34.94236931204796,-7.251554700572072],[-34.94233209639788,-7.2506161181149364],[-34.94241390377283,-7.2503131238565475],[-34.94267474859953,-7.249891725355859],[-34.94293827563524,-7.249003361479106],[-34.94346734136343,-7.24674136827342],[-34.943596087396145,-7.245833374864354],[-34.94348645210266,-7.2451046506255485],[-34.94304321706295,-7.244740454363976],[-34.94284741580486,-7.244489674301393],[-34.9427904188633,-7.244012060958021],[-34.94249939918518,-7.243515156287915],[-34.94220871478319,-7.243255062728149],[-34.94088236242533,-7.2424056001077455],[-34.94059905409813,-7.242007476316274],[-34.94057524949312,-7.241609352173274],[-34.94079954922199,-7.241328303589966],[-34.94088236242533,-7.2409887168431935],[-34.940469302237034,-7.240765873295488],[-34.939548298716545,-7.240719308958167],[-34.938898868858814,-7.240367748056267],[-34.93431799113751,-7.238529116661365],[-34.933798648416996,-7.2378030414541],[-34.9319214373827,-7.229896961411076],[-34.93127200752497,-7.228491680274537],[-34.92943838238716,-7.225376430812919],[-34.93002511560917,-7.2249949227029555],[-34.93048142641783,-7.224475379318708],[-34.930917955935,-7.223657147169739],[-34.93111174553633,-7.22291574773629],[-34.931014850735664,-7.222251846628483],[-34.93108291178942,-7.22172232159919],[-34.93159722536802,-7.221385381040999],[-34.93176184594631,-7.221163858286474],[-34.93167467415333,-7.2206922073755715],[-34.93182018399239,-7.220259139603847],[-34.93236366659403,-7.219508421293624],[-34.93309121578932,-7.2191232494305755],[-34.93339195847511,-7.218719117978167],[-34.93339195847511,-7.2175735779731625],[-34.93352774530649,-7.216976858250148],[-34.9342006444931,-7.215961701149481],[-34.93464354425669,-7.2149265844870065],[-34.935022071003914,-7.21435846675214],[-34.93551693856716,-7.213963977085843],[-34.9389323964715,-7.213261145993748],[-34.94105737656355,-7.2130106810767565],[-34.942405857145786,-7.21295313732459],[-34.94314346462488,-7.213068557444386],[-34.94658775627613,-7.213915746875388],[-34.951616898179054,-7.215384936565992],[-34.952890276908875,-7.215595485660021],[-34.9540426209569,-7.215580185097265],[-34.95558891445398,-7.214211780499843],[-34.9563167989254,-7.213955994154805],[-34.95760526508093,-7.214076403349543],[-34.959530755877495,-7.214392061556045],[-34.96113773435354,-7.21473798810492],[-34.96163494884968,-7.214954857306497],[-34.9625975266099,-7.214985791095156],[-34.96302600950003,-7.21511518079052],[-34.9645659327507,-7.214979471289036],[-34.96619939804077,-7.215614112431407],[-34.966907165944576,-7.216107056352404],[-34.967342019081116,-7.21616859114967],[-34.96772691607475,-7.216113043522248],[-34.9686522781849,-7.215503017033639],[-34.968586564064026,-7.214973816725621],[-34.96876124292612,-7.21434815547517],[-34.970000088214874,-7.198999725829443],[-34.97401066124439,-7.175533849568362],[-34.97066494077444,-7.173742856894927],[-34.97043527662754,-7.173540272027411],[-34.97015297412873,-7.173444800966672],[-34.970098324120045,-7.1732901178466175],[-34.970139898359776,-7.1730343084424435],[-34.969703033566475,-7.172722280652106],[-34.96941335499287,-7.172671384840846],[-34.96893022209406,-7.172434203632386],[-34.9684001505375,-7.171941877587823],[-34.96826872229576,-7.1719964326622305],[-34.96781878173351,-7.171712347020233],[-34.96747277677059,-7.1713637264586065],[-34.9668387696147,-7.170369757208821],[-34.96640760451555,-7.170107293079033],[-34.966173246502876,-7.169544441735564],[-34.96607903391123,-7.169465935228105],[-34.96592849493027,-7.169540782534247],[-34.96560025960207,-7.169401400207653],[-34.965203292667866,-7.169419030910009],[-34.964190758764744,-7.168499239582602],[-34.963750541210175,-7.168328254660986],[-34.963143691420555,-7.167935055628832],[-34.96254723519087,-7.167450375813481],[-34.96225990355015,-7.167048859611675],[-34.961835108697414,-7.166917792937266],[-34.96142942458391,-7.166901160107911],[-34.96108576655388,-7.166981330339975],[-34.960822239518166,-7.167078798694439],[-34.96061135083437,-7.167264420963684],[-34.96030759066344,-7.167360891288803],[-34.95923973619938,-7.167243463614483],[-34.95832409709692,-7.1673099948784404],[-34.95776519179344,-7.167435406284561],[-34.95635636150837,-7.167987615248397],[-34.95454553514719,-7.1679596721602925],[-34.95428670197725,-7.168105708042348],[-34.95400909334421,-7.168421065550509],[-34.952643178403385,-7.168807611059172],[-34.951077103614814,-7.168795302816545],[-34.95120216161013,-7.168072442469693],[-34.95102044194937,-7.1673209725360545],[-34.950690530240536,-7.166744811481912],[-34.95002869516611,-7.166013631450938],[-34.94977254420519,-7.165343991931122],[-34.94943995028734,-7.164825710892094],[-34.94856555014849,-7.164128458962526],[-34.94786012917757,-7.163968117480571],[-34.945074655115604,-7.1641607268473],[-34.944160021841526,-7.163901585728742],[-34.941774532198906,-7.163996393472118],[-34.94094304740429,-7.164310755848598],[-34.93897296488285,-7.164893905799324],[-34.93785213679075,-7.165027966977429],[-34.954456351697445,-7.148501220063573],[-34.957069493830204,-7.148472610441826],[-34.950043112039566,-7.138618152562424],[-34.95155721902847,-7.137025291348535],[-34.947506748139865,-7.134723816668672],[-34.947302900254726,-7.134686556503504],[-34.94346600025892,-7.132552741626923],[-34.94458246976137,-7.131358080405544],[-34.944226406514645,-7.1313341272664825],[-34.943985007703304,-7.131188412310142],[-34.94380362331867,-7.1311990581532845],[-34.94367588311434,-7.130667763742708],[-34.94373254477978,-7.130158093134074],[-34.94360111653805,-7.12995249477761],[-34.94365207850933,-7.1297112991770994],[-34.94383782148361,-7.129416541346661],[-34.94389582425356,-7.128979727192695],[-34.943443201482296,-7.128204239652568],[-34.94322996586561,-7.127574799637338],[-34.94317263364792,-7.126392102132659],[-34.94305830448866,-7.1261196321483204],[-34.9427642673254,-7.125863463639257],[-34.942137971520424,-7.12460590706354],[-34.94177721440792,-7.123741584432443],[-34.94168736040592,-7.123240556017956],[-34.94155492633581,-7.123087852029756],[-34.94137823581696,-7.1229927031138],[-34.94010753929615,-7.122706258181211],[-34.9392830953002,-7.122766474842754],[-34.93858840316534,-7.1230592408193605],[-34.937686175107956,-7.123727611535865],[-34.93708569556475,-7.123972137164292],[-34.93619687855244,-7.124252592928567],[-34.93546094745398,-7.124302163383888],[-34.93513472378254,-7.1245144180245905],[-34.93477866053581,-7.124488468402947],[-34.93331417441368,-7.122496664214698],[-34.932779744267464,-7.121443369910337],[-34.93265971541405,-7.121353543689026],[-34.93230935186148,-7.1213518802403275],[-34.931760504841805,-7.1215534901798465],[-34.93151541799307,-7.121472979290518],[-34.93137460201979,-7.121294990290844],[-34.931436628103256,-7.121045472885276],[-34.931789338588715,-7.1206332698339585],[-34.93184231221676,-7.120331186975129],[-34.931797720491886,-7.1201305745701875],[-34.93202906101942,-7.119729682188026],[-34.931945912539966,-7.119392000780956],[-34.93136454373598,-7.1193480855452105],[-34.93095047771931,-7.119208022530452],[-34.930467680096626,-7.11946685628672],[-34.929771311581135,-7.119546036763982],[-34.92918994277716,-7.1195177580236715],[-34.927212484180934,-7.1187129776129305],[-34.926344119012356,-7.118446824210698],[-34.92519311606885,-7.118303101309251],[-34.92407765239477,-7.1184814241617],[-34.923033602535725,-7.118842727340533],[-34.92260981351138,-7.119605921149454],[-34.92231108248234,-7.121143616414352],[-34.921871200203896,-7.12161703388826],[-34.92131195962429,-7.121972346189982],[-34.92068398743868,-7.122073816412872],[-34.920342676341534,-7.1219537155892345],[-34.91982970386744,-7.121338905340183],[-34.91938177496195,-7.1202746295895825],[-34.919289238750935,-7.119309160673664],[-34.91970900446177,-7.117316003221317],[-34.919632226228714,-7.116659600115388],[-34.91943810135126,-7.116219446873265],[-34.91896469146013,-7.115885422513627],[-34.9180218949914,-7.115848160816997],[-34.9165453389287,-7.116494251592467],[-34.91568334400654,-7.117089439457628],[-34.91454139351845,-7.116608365368178],[-34.914422035217285,-7.116051103949482],[-34.91362173110247,-7.114571280492162],[-34.91339609026909,-7.113627092079278],[-34.9137994274497,-7.1090857781897725],[-34.91233192384243,-7.107632215562847],[-34.912146516144276,-7.107082928053699],[-34.91230443120003,-7.106333686855472],[-34.91233225911856,-7.105809683071301],[-34.91269066929817,-7.105334918492019],[-34.913429617881775,-7.104855828300306],[-34.913914762437344,-7.1043148550252715],[-34.914150796830654,-7.103802826228337],[-34.91414442658425,-7.103052248871608],[-34.91372901946306,-7.102269730748359],[-34.91307254880667,-7.101893775564183],[-34.912396632134914,-7.101672527458175],[-34.91177000105381,-7.101672527458175],[-34.91126473993063,-7.101758697785793],[-34.91009630262852,-7.102465693107448],[-34.90950085222721,-7.10257947766472],[-34.90903951227665,-7.102358229888586],[-34.90859962999821,-7.102077095342836],[-34.908405505120754,-7.101612973438534],[-34.90848496556282,-7.100572606722663],[-34.908404499292374,-7.100154396605845],[-34.90807592868805,-7.099584805127088],[-34.908389411866665,-7.099354572857267],[-34.90872837603092,-7.0988022811044065],[-34.909858256578445,-7.098090954966398],[-34.91027768701315,-7.097712002005164],[-34.91209287196398,-7.096943448509178],[-34.912890158593655,-7.096354888708708],[-34.913973435759544,-7.095264271102509],[-34.91418432444334,-7.094705652969054],[-34.91432949900627,-7.09398567005099],[-34.91465840488672,-7.0938758758841205],[-34.91576883941889,-7.094486397661769],[-34.91547714918852,-7.093793363886933],[-34.91523843258619,-7.09280321876745],[-34.91532862186432,-7.0925041120105305],[-34.915844947099686,-7.09219369289049],[-34.916409216821194,-7.092251251864232],[-34.916737116873264,-7.0919817560291705],[-34.9169097840786,-7.091424797470283],[-34.91685714572668,-7.090866507390637],[-34.9165279045701,-7.090113912660464]]]},"id":"53ffb234-5686-43c9-bea8-829ddccfddee","properties":{"text":"Santa Rita","value":20}},{"type":"Feature","geometry":{"type":"Polygon","coordinates":[[[-34.9426781013608,-7.243770593295178],[-34.9427904188633,-7.244012060958021],[-34.94284741580486,-7.244489674301393],[-34.94304321706295,-7.244740454363976],[-34.94348645210266,-7.2451046506255485],[-34.943596087396145,-7.245833374864354],[-34.94346734136343,-7.24674136827342],[-34.94293827563524,-7.249003361479106],[-34.933173693716526,-7.252272771371971],[-34.93581600487232,-7.259050318811591],[-34.93808884173632,-7.273498745743723],[-34.92566082626581,-7.272515976098417],[-34.91984311491251,-7.280021554501057],[-34.91684339940548,-7.289021564472276],[-34.91984311491251,-7.300021737536037],[-34.91784319281578,-7.303021737799366],[-34.88084312528372,-7.324021508072071],[-34.8738432303071,-7.3330216295138815],[-34.86484341323376,-7.338021581435701],[-34.85984310507774,-7.343021477169421],[-34.85862672328949,-7.341795450476361],[-34.85740564763546,-7.3418320284846725],[-34.857533387839794,-7.343490339209652],[-34.85352415591478,-7.346205739002575],[-34.85272217541933,-7.346078049744042],[-34.852011390030384,-7.346296850586513],[-34.8515010997653,-7.346023515778696],[-34.85018916428089,-7.346424539782172],[-34.84891343861818,-7.344893597113072],[-34.84829384833574,-7.344365214503054],[-34.84770242124796,-7.343980482402541],[-34.846708327531815,-7.343114584564271],[-34.844813011586666,-7.343125890460878],[-34.84401103109121,-7.343271536985766],[-34.84324559569359,-7.3444925717282805],[-34.842425510287285,-7.344839063002387],[-34.8419152200222,-7.3454219790949935],[-34.840493984520435,-7.345221799211012],[-34.83755964785814,-7.346843519697748],[-34.836211167275906,-7.346843519697748],[-34.83482614159584,-7.347098897738239],[-34.83360506594181,-7.345731891960217],[-34.83262103050947,-7.345622491413362],[-34.83014266937971,-7.346825230900157],[-34.82717212289572,-7.3473173655548285],[-34.82677482068539,-7.347455362674339],[-34.82563052326441,-7.348091478962729],[-34.8241526260972,-7.348424001490144],[-34.823186695575714,-7.348826685937699],[-34.821247793734074,-7.350049368022661],[-34.81983158737421,-7.350336666234752],[-34.81950435787439,-7.3501930171519305],[-34.819214679300785,-7.350443072932838],[-34.818389900028706,-7.350684815555257],[-34.818346314132214,-7.350768943287072],[-34.81848679482937,-7.351055243472402],[-34.818431474268436,-7.351464575937171],[-34.81856558471918,-7.351703990363945],[-34.81908056885004,-7.352273264149284],[-34.81908056885004,-7.352549920304798],[-34.818984009325504,-7.352831896593644],[-34.818721152842045,-7.353050029071593],[-34.818490482866764,-7.353129833609916],[-34.81831882148981,-7.353039388465412],[-34.81826517730951,-7.352576521849136],[-34.81816861778498,-7.352427553180344],[-34.81807205826044,-7.352347748515791],[-34.81789503246546,-7.352347748515791],[-34.8177770152688,-7.3525978030834445],[-34.81755707412958,-7.352640365549057],[-34.81744073331356,-7.35280030727773],[-34.8175785318017,-7.353092591493823],[-34.8173800483346,-7.353433090724737],[-34.81716010719538,-7.353204317832751],[-34.8165700212121,-7.353140474213947],[-34.816500283777714,-7.353023427555637],[-34.81653414666653,-7.352901393080729],[-34.81681678444147,-7.352682928010536],[-34.81684360653162,-7.352576521849136],[-34.81668267399073,-7.352539279686632],[-34.81653247028589,-7.352608443700248],[-34.81640372425318,-7.352773373227659],[-34.81601916253567,-7.352933314908457],[-34.81600139290095,-7.3530659899804],[-34.81618378311396,-7.353316044143551],[-34.81570266187191,-7.353390860853836],[-34.815690256655216,-7.353486293705988],[-34.81579754501581,-7.353640582315535],[-34.81607113033533,-7.353773589694528],[-34.81609795242548,-7.353895956448002],[-34.81552932411432,-7.3538853158621],[-34.815573915839195,-7.3536675163130125],[-34.815475679934025,-7.353608660538645],[-34.815284572541714,-7.35375363859021],[-34.81516990810633,-7.353949159373771],[-34.81511794030666,-7.354258068735583],[-34.81513403356075,-7.354454919368533],[-34.81527887284756,-7.354598567072596],[-34.81527183204889,-7.354773803907962],[-34.81454227119684,-7.355135582962061],[-34.81452617794275,-7.355210066848355],[-34.81469951570034,-7.35535936710066],[-34.81513235718012,-7.355497361721297],[-34.8153630271554,-7.355486721173765],[-34.81542371213436,-7.355279562963137],[-34.815733171999454,-7.3548057256010635],[-34.81567416340113,-7.3545769534163945],[-34.815733171999454,-7.35448118828087],[-34.8158672824502,-7.35453971142171],[-34.815974570810795,-7.355039817947016],[-34.816226698458195,-7.355327112930157],[-34.81627497822046,-7.355502681994968],[-34.815979935228825,-7.355928303682026],[-34.81587801128626,-7.356364565487674],[-34.81574557721615,-7.356407460108509],[-34.81546126306057,-7.3561042050256935],[-34.815228916704655,-7.3559761860962825],[-34.815107211470604,-7.356082923959459],[-34.81512330472469,-7.356274453518752],[-34.81565807014704,-7.356715702727056],[-34.81583509594202,-7.356795506606369],[-34.816298112273216,-7.356705394724939],[-34.81600675731897,-7.357535021871783],[-34.81551758944988,-7.3582256561932935],[-34.81548707932234,-7.358504968757569],[-34.81566745787859,-7.3587211033592554],[-34.815934002399445,-7.358728751197077],[-34.81612175703049,-7.3586336519869695],[-34.816237427294254,-7.358675216329564],[-34.81623977422714,-7.358955526154342],[-34.81581665575504,-7.35930433374355],[-34.815658405423164,-7.359557377018427],[-34.81561113148928,-7.35985397946435],[-34.81573920696974,-7.360219079512227],[-34.81594741344452,-7.360375028348177],[-34.81603626161814,-7.360557910708579],[-34.81608286499977,-7.360894414054683],[-34.815832413733006,-7.361326680824219],[-34.815568216145046,-7.361440400165896],[-34.81501333415508,-7.361368909939878],[-34.81494661420584,-7.361638577662406],[-34.81498382985592,-7.3619085777332804],[-34.815249033272266,-7.362413996143263],[-34.8153942078352,-7.363268218448901],[-34.815550446510315,-7.363426826301921],[-34.81596350669861,-7.363397232807452],[-34.81624111533165,-7.3634524296607236],[-34.81646977365018,-7.363641960972074],[-34.81676649302244,-7.3642092243776265],[-34.81708701699972,-7.364480220414213],[-34.8171366378665,-7.364600921663103],[-34.81704946607351,-7.364681389144069],[-34.81678560376167,-7.3647315981847346],[-34.81636416167021,-7.364650133182142],[-34.81602184474468,-7.364701672267165],[-34.81519538909197,-7.364957372542296],[-34.81505088508129,-7.36493409684067],[-34.814786687493324,-7.364315295238666],[-34.81457479298115,-7.364002070240385],[-34.81435250490904,-7.36391561744179],[-34.81398839503527,-7.363950531074004],[-34.813442565500736,-7.364129421832213],[-34.81298625469208,-7.364588286272184],[-34.8128105700016,-7.3650597856150375],[-34.81276798993349,-7.365419893731606],[-34.813742972910404,-7.366053656705463],[-34.813809022307396,-7.366307361146656],[-34.81357801705599,-7.366478270740778],[-34.813011065125465,-7.366551755195802],[-34.812768660485744,-7.366683761177153],[-34.812591299414635,-7.36695874580302],[-34.81248132884503,-7.3677447952314],[-34.81235928833485,-7.3679226869348025],[-34.81209207326174,-7.368049039877],[-34.81154892593622,-7.368110553796344],[-34.81121700257063,-7.36779400640138],[-34.81056421995163,-7.3667366300604336],[-34.81023531407118,-7.366556410319258],[-34.809929206967354,-7.366523491945315],[-34.80948530137539,-7.367168558625281],[-34.80923753231764,-7.367804979161499],[-34.808699414134026,-7.368580054348041],[-34.808591455221176,-7.368853375261644],[-34.80857737362385,-7.369140993802498],[-34.80872221291065,-7.3696154808600385],[-34.80914633721113,-7.370458051579339],[-34.80929721146822,-7.370637272216232],[-34.810141772031784,-7.3709907256901985],[-34.81028560549021,-7.371381419465395],[-34.80953190475702,-7.372636292289352],[-34.80928648263216,-7.372915928276777],[-34.80860587209463,-7.373454917000356],[-34.808264560997486,-7.3739180943244085],[-34.80812173336744,-7.374293490378674],[-34.8081411793828,-7.37512574462338],[-34.808484837412834,-7.375888504430705],[-34.80849087238312,-7.3762196761086605],[-34.80839766561985,-7.3764464421147],[-34.80817772448063,-7.376666557980124],[-34.80795912444592,-7.376755668299312],[-34.807624854147434,-7.376819176015882],[-34.8072811961174,-7.376689833065218],[-34.80697341263294,-7.376469717211398],[-34.80674844235182,-7.375443949288676],[-34.80654425919056,-7.375140374727959],[-34.806238152086735,-7.37510546197761],[-34.804642237722874,-7.377539372833921],[-34.80466905981302,-7.378355993477331],[-34.80487089604139,-7.378945848004591],[-34.80494197458029,-7.379500789341849],[-34.804683811962605,-7.379783080983289],[-34.80422381311655,-7.379724561176052],[-34.80402532964945,-7.379768783531081],[-34.803544878959656,-7.380084324868356],[-34.803370870649815,-7.380324056334526],[-34.803330302238464,-7.380520562890172],[-34.80339467525482,-7.380737684245273],[-34.803734980523586,-7.380912578245532],[-34.80455841869116,-7.380985062810892],[-34.80499930679798,-7.3811220519570915],[-34.80542611330748,-7.381624123465083],[-34.80514548718929,-7.382710058962524],[-34.80492286384106,-7.383125014627208],[-34.80393312871456,-7.384040043691146],[-34.80370581150055,-7.38442008609242],[-34.8037514090538,-7.384606283475109],[-34.80402231216431,-7.384927806270958],[-34.80426371097565,-7.3853962914979885],[-34.80421308428049,-7.386441653479229],[-34.80400890111923,-7.386821693815687],[-34.803418815135956,-7.387090681047931],[-34.803067445755005,-7.38822647699956],[-34.80257660150528,-7.389119883531883],[-34.80251491069794,-7.388906091213892],[-34.802703000605106,-7.388053580848694],[-34.80265472084284,-7.386316303270328],[-34.80142492800951,-7.380300781440583],[-34.80120901018381,-7.379475186910814],[-34.801055788993835,-7.379156985144252],[-34.79965601116419,-7.372580099067266],[-34.79874137789011,-7.370175088979011],[-34.79828607290983,-7.369596527988024],[-34.79764200747013,-7.369197852474586],[-34.7977402433753,-7.368118201472186],[-34.797364734113216,-7.366358900039001],[-34.79765944182873,-7.366168704871093],[-34.79769732803106,-7.366067954600494],[-34.79764234274626,-7.36584051826187],[-34.797811321914196,-7.365558882750985],[-34.79785289615393,-7.365244661102002],[-34.797621220350266,-7.365003258921958],[-34.79777477681637,-7.3649440721415145],[-34.79785993695259,-7.364795772645638],[-34.79783780872822,-7.364627854995133],[-34.79735266417265,-7.3644000854071745],[-34.797367081046104,-7.364321280427597],[-34.79767184704542,-7.36426342359818],[-34.79787066578865,-7.364109803704261],[-34.797912910580635,-7.363856430516109],[-34.79810032993555,-7.363614030047047],[-34.798327311873436,-7.3634846832404826],[-34.7982807084918,-7.363308119800925],[-34.798392690718174,-7.363091654923137],[-34.798619002103806,-7.362963970521706],[-34.79882821440697,-7.363010854642135],[-34.798939526081085,-7.362954992710861],[-34.799412935972214,-7.362491803926241],[-34.79962382465601,-7.362149981598331],[-34.79982063174248,-7.361476976556145],[-34.799705632030964,-7.360536962369304],[-34.79988802224398,-7.359481896319465],[-34.799799509346485,-7.357698286991367],[-34.79964762926102,-7.357205166294148],[-34.79958191514015,-7.356269798287374],[-34.79930430650711,-7.355699199558984],[-34.79941830039025,-7.355400266715595],[-34.79944679886103,-7.354953363401812],[-34.79939550161362,-7.354413354630659],[-34.79921210557223,-7.353789218058952],[-34.799160808324814,-7.353138811619571],[-34.79866091161966,-7.351085170310399],[-34.79790151119232,-7.348828016026113],[-34.79795549064875,-7.34845559111732],[-34.798136204481125,-7.348177602321213],[-34.7981858253479,-7.347960797541338],[-34.798207618296146,-7.346233005974905],[-34.79813754558563,-7.345083801397937],[-34.7972084954381,-7.340380876829159],[-34.796175509691246,-7.336393178148988],[-34.79554418474436,-7.334581210861411],[-34.79489743709564,-7.33320086526005],[-34.79448303580284,-7.332943816570072],[-34.79455579072237,-7.332805482414193],[-34.794759303331375,-7.332744296139207],[-34.79491621255875,-7.332579691716417],[-34.79504093527794,-7.331765314596179],[-34.79498192667961,-7.33119601455699],[-34.79502249509096,-7.330495362166301],[-34.7948183119297,-7.329362078699974],[-34.794906824827194,-7.328558669425695],[-34.795011430978775,-7.3283362019491545],[-34.79549154639244,-7.327992690664753],[-34.79591969400644,-7.328219481300435],[-34.79617450386286,-7.3282553953494585],[-34.79677230119705,-7.328083473440416],[-34.797527343034744,-7.327442673013184],[-34.797689616680145,-7.327058258822164],[-34.797963201999664,-7.325964871316998],[-34.798114746809006,-7.324607776829172],[-34.798025228083134,-7.324171483874024],[-34.797914922237396,-7.322397376643641],[-34.797707721590996,-7.321997993705087],[-34.797791205346584,-7.321536092424993],[-34.79785893112421,-7.3215138120775345],[-34.797956831753254,-7.321603266002999],[-34.798062443733215,-7.321979371344508],[-34.798309206962585,-7.322106069889442],[-34.798440635204315,-7.322265690052281],[-34.79893080890179,-7.322247400244889],[-34.79944981634617,-7.322046212313654],[-34.79988366365433,-7.321581983286298],[-34.800377525389194,-7.320800840372339],[-34.800538793206215,-7.320228865978822],[-34.800735265016556,-7.318638307748625],[-34.80082277208567,-7.318442771450955],[-34.80100650340319,-7.318398875535603],[-34.801238514482975,-7.318526572731872],[-34.8013910651207,-7.318452747794754],[-34.80159156024456,-7.318196023143517],[-34.80183530598879,-7.317504994138413],[-34.80191241949797,-7.316899095833731],[-34.80178032070399,-7.31467701828142],[-34.80180881917477,-7.314230074079112],[-34.802099503576756,-7.314123991274899],[-34.80225943028927,-7.313853297108523],[-34.80229530483484,-7.313545357353588],[-34.80175316333771,-7.311055227644717],[-34.80073560029268,-7.3078274827626535],[-34.80028197169304,-7.306766970931606],[-34.7993116825819,-7.304963529699357],[-34.798381961882114,-7.303887713513022],[-34.79826997965574,-7.302981165931392],[-34.79839738458395,-7.3017437221898245],[-34.79836620390415,-7.301023402648887],[-34.79843560606241,-7.300477009905616],[-34.79857239872217,-7.300401851752365],[-34.798691757023335,-7.300160746971944],[-34.7987038269639,-7.299939263017755],[-34.79906257241964,-7.299237231321045],[-34.79972742497921,-7.298864764980616],[-34.80021692812443,-7.2983576116523645],[-34.80077013373375,-7.29749927411935],[-34.80105947703123,-7.296593711271787],[-34.80106148868799,-7.295716081776219],[-34.80068329721689,-7.29406158420443],[-34.800887145102024,-7.293732679335288],[-34.80087373405696,-7.2932311737714315],[-34.80068899691105,-7.292628568199607],[-34.80115368962288,-7.29197241893661],[-34.80124522000551,-7.290660782657073],[-34.80119962245226,-7.289897211694747],[-34.80056259781122,-7.286927054601578],[-34.79996848851442,-7.285355999488516],[-34.799505807459354,-7.283717094466693],[-34.799248315393925,-7.281947482702218],[-34.799214117228985,-7.2792938833957255],[-34.79911923408508,-7.278117567965239],[-34.799458533525474,-7.276207586977416],[-34.79966003447771,-7.275684776903864],[-34.79986421763897,-7.275551413676932],[-34.80015892535448,-7.275785215018682],[-34.80024844408035,-7.275943188829322],[-34.80066251009703,-7.275876673547435],[-34.80107456445694,-7.275389116230093],[-34.80186481028795,-7.273122267067815],[-34.80206597596407,-7.2719775304972964],[-34.80213236063719,-7.271045974847163],[-34.80228256434202,-7.270532471013531],[-34.80255112051964,-7.270146012430255],[-34.80324883013964,-7.268738528789444],[-34.803796000778675,-7.26727549941368],[-34.80395592749119,-7.266156356882048],[-34.8045114800334,-7.263719177410607],[-34.80491247028113,-7.260388654512927],[-34.805403649806976,-7.2517868514237716],[-34.805321507155895,-7.250278866534578],[-34.80519779026508,-7.249357243817412],[-34.805330224335194,-7.248027190241868],[-34.805296026170254,-7.247096915377225],[-34.805513955652714,-7.247588827137734],[-34.80577144771814,-7.247743152285252],[-34.80615634471178,-7.247717874894018],[-34.80657611042261,-7.247532285583385],[-34.806617349386215,-7.247160441537411],[-34.806567057967186,-7.246881724600496],[-34.80635918676853,-7.246414424337304],[-34.80641819536687,-7.2459827116350235],[-34.80661030858755,-7.245628494047286],[-34.80691071599722,-7.245298555912324],[-34.80763088911772,-7.244849879573055],[-34.80797857046127,-7.244494663296019],[-34.80826321989298,-7.2435597247345065],[-34.80849791318179,-7.2419888506332235],[-34.80814889073372,-7.24096277386868],[-34.807106517255306,-7.238936889032091],[-34.80691272765398,-7.237900494584649],[-34.80706125497818,-7.236561426859836],[-34.80872422456741,-7.235837676728283],[-34.81007605791092,-7.2358908936892545],[-34.81197506189346,-7.237476756246124],[-34.814700186252594,-7.237327749263251],[-34.81559067964554,-7.237966350271846],[-34.81623440980911,-7.238764600261371],[-34.81722146272659,-7.2389774666866895],[-34.81805831193924,-7.23880717355447],[-34.81832653284073,-7.238402727107801],[-34.81800466775894,-7.23720002895309],[-34.81738239526749,-7.2364124195746955],[-34.81710344552994,-7.2358908936892545],[-34.81712490320206,-7.235145855664533],[-34.81773644685745,-7.234549824359183],[-34.819388687610626,-7.23331518558006],[-34.81972128152847,-7.233230037953579],[-34.819955974817276,-7.233553997978035],[-34.82017055153847,-7.234501263738217],[-34.820513874292374,-7.235076008286633],[-34.82152238488197,-7.2353527368822315],[-34.82229486107826,-7.235416597303257],[-34.823206812143326,-7.23594876712721],[-34.82420459389687,-7.235970053907108],[-34.82501998543739,-7.235459170912274],[-34.82556715607643,-7.234799279521358],[-34.82504144310951,-7.233351772445911],[-34.825202375650406,-7.232670591039595],[-34.825223833322525,-7.232170347789788],[-34.82509508728981,-7.2316913909674225],[-34.824708849191666,-7.231478521105527],[-34.824226051568985,-7.231404016630141],[-34.82338920235634,-7.232191634747886],[-34.822970777750015,-7.232457721639324],[-34.82253089547157,-7.232393860799688],[-34.82234850525856,-7.231968121637875],[-34.82254162430763,-7.230031003383401],[-34.823002964258194,-7.229828776273417],[-34.82378616929054,-7.230073577500277],[-34.82459083199501,-7.229935211605744],[-34.82555642724037,-7.229605261993903],[-34.82606068253517,-7.229722340916013],[-34.82666149735451,-7.230680258229654],[-34.82702627778053,-7.23089312846786],[-34.827734380960464,-7.230584466589689],[-34.82843175530434,-7.229881993942723],[-34.828707687556744,-7.22974695409466],[-34.82887901365757,-7.229748284536688],[-34.82931151986122,-7.230121473376956],[-34.82954755425453,-7.230717510528573],[-34.82983723282814,-7.231068746338842],[-34.830110147595406,-7.2311984640406],[-34.83052387833595,-7.231207111886046],[-34.83107104897499,-7.2310368158219145],[-34.83117766678333,-7.23078868901975],[-34.831189066171646,-7.230536570762117],[-34.83088865876198,-7.2296531579202625],[-34.830963760614395,-7.228886822489194],[-34.83112469315529,-7.2283227136327985],[-34.83131445944309,-7.228010723880202],[-34.831867665052414,-7.22787036168242],[-34.83302369713783,-7.228109842183132],[-34.83353868126869,-7.228333357202645],[-34.83366407454014,-7.228487023714399],[-34.833897426724434,-7.228872852820829],[-34.83400002121925,-7.2292806339147875],[-34.833629205822945,-7.230168704028143],[-34.83364060521126,-7.230491335809187],[-34.83375795185566,-7.2306529842231075],[-34.83402147889137,-7.230789354239276],[-34.83563080430031,-7.23112196386202],[-34.83635298907757,-7.231528412488421],[-34.83738228678703,-7.231848382426282],[-34.8378174751997,-7.231915902041182],[-34.838203713297844,-7.232128771696876],[-34.8382680863142,-7.232385212976937],[-34.83822517096996,-7.232597084586162],[-34.83798645436764,-7.232869490794718],[-34.83723811805248,-7.233384700622589],[-34.836937710642815,-7.23376786468401],[-34.836768731474876,-7.234353586201348],[-34.83725152909756,-7.236146667620371],[-34.83750097453594,-7.236769305244632],[-34.83771823346615,-7.237097586594819],[-34.83805753290653,-7.2373477055584505],[-34.83841024339199,-7.2374514782792865],[-34.83884744346142,-7.237386620331571],[-34.838952049613,-7.237040378514513],[-34.83868382871151,-7.2365278337038905],[-34.83856178820133,-7.236106422317045],[-34.8386275023222,-7.2356337891884674],[-34.838954731822014,-7.235023789049444],[-34.839405342936516,-7.234406470730261],[-34.84007053077221,-7.234087167820058],[-34.84029449522495,-7.234033618039064],[-34.84092481434345,-7.2340924895370895],[-34.84112598001957,-7.234170652248609],[-34.841454550623894,-7.234526209263352],[-34.84149880707264,-7.234681536701981],[-34.84140492975712,-7.23530284592202],[-34.841439463198185,-7.236143008956581],[-34.84152529388666,-7.236420069503503],[-34.841699972748756,-7.236552113905955],[-34.841922260820866,-7.236600674306229],[-34.84333846718073,-7.235909187018144],[-34.84361741691828,-7.234791296958311],[-34.84387490898371,-7.234546498289418],[-34.84427187591791,-7.234610691431474],[-34.84534475952387,-7.235163816417068],[-34.8459992185235,-7.23510028856685],[-34.84627649188042,-7.234959595966139],[-34.846322759985924,-7.234793292599075],[-34.84624832868576,-7.234576100309413],[-34.845457412302494,-7.233700012738486],[-34.84503362327814,-7.232258489094114],[-34.845398403704166,-7.231906921600349],[-34.84622452408075,-7.231715671429669],[-34.84677169471979,-7.231874991142707],[-34.84725449234247,-7.232301063000959],[-34.84754417091608,-7.232854190816674],[-34.84786603599787,-7.2331099664686365],[-34.8484668508172,-7.233322502953479],[-34.8490247502923,-7.233684380180958],[-34.84938953071833,-7.23406787659533],[-34.849915243685246,-7.234919017950229],[-34.85030148178339,-7.234961591606192],[-34.85079500824213,-7.234578428558083],[-34.85151384025813,-7.233556991447388],[-34.85130999237299,-7.232811616961965],[-34.85111687332392,-7.232566817219483],[-34.850398041307926,-7.232173008659594],[-34.85025856643915,-7.2319391846646495],[-34.850462414324284,-7.231725982310507],[-34.85076282173395,-7.231641166993416],[-34.851428009569645,-7.231662121367361],[-34.85213611274958,-7.231545375557338],[-34.853455759584904,-7.230853215305814],[-34.85383126884699,-7.230970293904411],[-34.85431406646967,-7.231747269289519],[-34.85474321991205,-7.232183984747413],[-34.85485251992941,-7.232249508660126],[-34.855193831026554,-7.232173008659594],[-34.85551569610834,-7.231800486732764],[-34.855923391878605,-7.231066085462496],[-34.85635254532099,-7.230768399824837],[-34.85725376754999,-7.230459405251435],[-34.85785458236933,-7.230055283934907],[-34.85823009163141,-7.229374097555743],[-34.858197905123234,-7.22869257753797],[-34.85840208828449,-7.22845908435248],[-34.8585469275713,-7.228401875177554],[-34.858716912567616,-7.2283938925013675],[-34.85978543758392,-7.228686257923434],[-34.86053042113781,-7.228436466772551],[-34.86091632395983,-7.22847604753671],[-34.86127842217684,-7.228764754181987],[-34.861910082399845,-7.229488183041437],[-34.86208073794842,-7.229600605445228],[-34.862252064049244,-7.229613244648665],[-34.86248709261418,-7.229444943647927],[-34.862636625766754,-7.229212448684089],[-34.8626409843564,-7.228740806172358],[-34.8630677908659,-7.227614583062962],[-34.86343793570995,-7.227408030912181],[-34.86492119729519,-7.227761930191737],[-34.865126721560955,-7.227727671157064],[-34.86548379063606,-7.22754739541721],[-34.86555688083172,-7.227365456544067],[-34.865551851689816,-7.2272008134422085],[-34.86529938876629,-7.226806002365569],[-34.86529938876629,-7.226670961598009],[-34.8653868958354,-7.22656552333516],[-34.866015538573265,-7.226628054547628],[-34.86735060811043,-7.226983284888288],[-34.86861124634743,-7.227355810788254],[-34.86914802342653,-7.2276219005287325],[-34.8694484308362,-7.227579326180783],[-34.86970592290163,-7.227281305632827],[-34.86952353268862,-7.22667462033854],[-34.86856833100319,-7.2256634763712],[-34.86855760216713,-7.225408029116228],[-34.8687507212162,-7.225141938072054],[-34.86960902810097,-7.224801341306949],[-34.87053170800209,-7.224833272264574],[-34.87130451947451,-7.224705548420499],[-34.871819503605366,-7.224375594989576],[-34.87199082970619,-7.223971135616674],[-34.87195864319801,-7.223428307994726],[-34.87174406647682,-7.222949341904682],[-34.87111106514931,-7.222598099782793],[-34.87089682370424,-7.222214926247684],[-34.87089682370424,-7.221916902162556],[-34.87105742096901,-7.221586946696282],[-34.87221613526345,-7.220394847521632],[-34.87272072583437,-7.22046935381211],[-34.87275291234255,-7.221044116211809],[-34.87310662865639,-7.221288922197263],[-34.87411513924599,-7.221320853402997],[-34.87633600831032,-7.220884460062965],[-34.8768724501133,-7.220522572583529],[-34.87745180726051,-7.219660427715803],[-34.87806335091591,-7.219160170063796],[-34.87922206521034,-7.218745062230398],[-34.88133564591408,-7.2177977634405375],[-34.88710775971413,-7.21542418585161],[-34.88955393433571,-7.2144981679005875],[-34.8902191221714,-7.2144662362133305],[-34.89485062658787,-7.2151171765181905],[-34.89740073680878,-7.214601613247032],[-34.89805016666651,-7.21470705429929],[-34.898605048656464,-7.21451978831258],[-34.899478778243065,-7.214554713591285],[-34.90008093416691,-7.214262006410171],[-34.90088392049074,-7.214133281714911],[-34.901533015072346,-7.214121307322795],[-34.9025247618556,-7.2137467747872295],[-34.90409519523382,-7.212926860117417],[-34.9054054543376,-7.21234111083745],[-34.90645855665207,-7.212097297881432],[-34.91205062717199,-7.212980079775944],[-34.91278052330017,-7.2133655894905635],[-34.915285371243954,-7.216543121681079],[-34.91650175303221,-7.217997667598888],[-34.91697784513235,-7.2184174327820285],[-34.91965267807245,-7.219878957646781],[-34.92742035537958,-7.223544723287194],[-34.92865953594446,-7.224324372358765],[-34.929593950510025,-7.225610258205002],[-34.93127200752497,-7.228491680274537],[-34.9319214373827,-7.229896961411076],[-34.933798648416996,-7.2378030414541],[-34.93431799113751,-7.238529116661365],[-34.938898868858814,-7.240367748056267],[-34.939548298716545,-7.240719308958167],[-34.940469302237034,-7.240765873295488],[-34.94088236242533,-7.2409887168431935],[-34.94079954922199,-7.241328303589966],[-34.94057524949312,-7.241609352173274],[-34.94059905409813,-7.242007476316274],[-34.94088236242533,-7.2424056001077455],[-34.94220871478319,-7.243255062728149],[-34.9426781013608,-7.243770593295178]]]},"id":"ab842001-c1ce-4270-9355-681a256b9d1a","properties":{"text":"Conde","value":10}},{"type":"Feature","geometry":{"type":"Polygon","coordinates":[[[-35.872573144733906,-7.298550828824226],[-35.86045157164335,-7.301082930485032],[-35.85184570401907,-7.300819877249802],[-35.8481315150857,-7.301577776101122],[-35.84748946130276,-7.301794936000372],[-35.84715586155654,-7.302069295599764],[-35.847016386687756,-7.302280801794184],[-35.84659058600664,-7.303414486593205],[-35.846345499157906,-7.3037344053387665],[-35.84603235125542,-7.303956219968711],[-35.8435395732522,-7.305137788399023],[-35.84304805845022,-7.305243208228228],[-35.84263365715743,-7.305193990140695],[-35.84232922643423,-7.305063628693538],[-35.84151349961758,-7.304506931677526],[-35.838000141084194,-7.328999946139423],[-35.838455110788345,-7.3310071344766525],[-35.838238187134266,-7.330775357226366],[-35.83749286830425,-7.330496692309509],[-35.83570048213005,-7.32863415537532],[-35.835588499903686,-7.327849699442175],[-35.83493269979954,-7.3274519840794445],[-35.83355002105236,-7.327224195438386],[-35.83206340670586,-7.327481247429257],[-35.83119235932827,-7.327713691469284],[-35.83052549511194,-7.327577350916871],[-35.829751677811146,-7.32767611468706],[-35.82915958017111,-7.327567374777251],[-35.828425996005535,-7.327596638119507],[-35.82833211869002,-7.327302674457785],[-35.82903787493706,-7.325854468293263],[-35.82917433232069,-7.3253653027597565],[-35.829154551029205,-7.324967917719677],[-35.828041434288025,-7.325024782044182],[-35.827288404107094,-7.324793999301959],[-35.82676235586405,-7.3241418877663484],[-35.82429975271225,-7.3238193233190465],[-35.82390747964382,-7.323990249251118],[-35.82380522042513,-7.324224357814361],[-35.82411803305149,-7.324642028468406],[-35.82456462085247,-7.324907727988132],[-35.82470174878836,-7.325135517813248],[-35.82454215735197,-7.325492997961002],[-35.82436345517635,-7.3254550884519585],[-35.824207216501236,-7.3255498622185256],[-35.82311321049929,-7.327072890510238],[-35.82252983003855,-7.3275148337715645],[-35.82234140485525,-7.3275430995032655],[-35.822164714336395,-7.327481912505378],[-35.82057785242796,-7.325812235804092],[-35.82004442811012,-7.325479696379242],[-35.81874959170818,-7.325186728940373],[-35.81793621182442,-7.325351003555215],[-35.81676576286554,-7.32509328525591],[-35.81606537103653,-7.325148486865484],[-35.81491805613041,-7.32486649302925],[-35.81452880054712,-7.324946967703524],[-35.81357393413782,-7.325627676453932],[-35.81283766776323,-7.325359317046275],[-35.81232704222202,-7.324994853453228],[-35.812104754149914,-7.324725496044241],[-35.812104754149914,-7.323830297164918],[-35.81169605255127,-7.323252673456856],[-35.8109400048852,-7.322930773449104],[-35.81015679985285,-7.322824027630762],[-35.80905172973871,-7.322919799581096],[-35.808531045913696,-7.322779134521928],[-35.80807641148567,-7.322548018075437],[-35.80838620662689,-7.32184502429166],[-35.80899976193905,-7.321357184529179],[-35.809064134955406,-7.320793191882363],[-35.80888543277979,-7.31974834041268],[-35.80684158951044,-7.319503920635454],[-35.80568991601467,-7.3196472470788905],[-35.80418050289154,-7.319291092420963],[-35.80317970365286,-7.3192957480392495],[-35.799325704574585,-7.3187324178749265],[-35.79866051673889,-7.318828190703946],[-35.79807747155428,-7.31925584273816],[-35.79739049077034,-7.320479271137873],[-35.79681180417538,-7.320848061481353],[-35.79580329358578,-7.321208870494263],[-35.79525779932737,-7.321805784303235],[-35.79440150409937,-7.322275998852527],[-35.793596506118774,-7.322904170132282],[-35.792749263346195,-7.32324469246775],[-35.79206261783838,-7.323127305402955],[-35.791268683969975,-7.322765500317632],[-35.79037819057703,-7.32166977448612],[-35.789452493190765,-7.320305018425882],[-35.78872427344322,-7.319789908388689],[-35.78609872609377,-7.318651942079088],[-35.78524645417929,-7.318480349011398],[-35.783668644726276,-7.318455075608248],[-35.782554522156715,-7.318585433145969],[-35.77942807227373,-7.319807533209347],[-35.77822711318731,-7.3205221692187585],[-35.777326226234436,-7.320881315780456],[-35.776671431958675,-7.320919890764322],[-35.77500410377979,-7.320665827878129],[-35.774260461330414,-7.320722692751368],[-35.773712284862995,-7.320868679147085],[-35.77247578650713,-7.321388776077334],[-35.770276710391045,-7.322782792479127],[-35.770066156983376,-7.323064455092128],[-35.769826769828796,-7.323213766133561],[-35.76973792165518,-7.3231908207874605],[-35.76960280537605,-7.32294207985829],[-35.76913174241781,-7.3230069254347425],[-35.76886150985956,-7.322604882708634],[-35.76859898865223,-7.322463219924742],[-35.76817821711302,-7.322574288871795],[-35.767942517995834,-7.3230225548799694],[-35.767684020102024,-7.323117994246367],[-35.767305828630924,-7.322819372049307],[-35.76675731688738,-7.322689348290749],[-35.76649881899357,-7.322149300355886],[-35.76617058366537,-7.321961746609687],[-35.765981152653694,-7.321973053043439],[-35.76578065752983,-7.322091770580413],[-35.76535955071449,-7.322685357791203],[-35.76516274362803,-7.322704645205499],[-35.76488882303238,-7.3220881126175525],[-35.76457601040602,-7.321930820186519],[-35.7643212005496,-7.3219155232452175],[-35.764062367379665,-7.322018943859784],[-35.76375726610422,-7.322804075138514],[-35.76342534273863,-7.3230262128351455],[-35.763120241463184,-7.323125975237738],[-35.76301999390125,-7.323037851783269],[-35.763151086866856,-7.322555333993562],[-35.76310113072395,-7.322245072451139],[-35.76248321682215,-7.321693384995246],[-35.76203931123018,-7.321639845669932],[-35.761672519147396,-7.321846687002953],[-35.760969780385494,-7.322773481315325],[-35.76054900884628,-7.323171865935448],[-35.76037500053644,-7.323512388066458],[-35.76049603521824,-7.323892482286346],[-35.7612269371748,-7.324393953429681],[-35.75981944799424,-7.325747723175063],[-35.75886659324169,-7.3263183603324675],[-35.75746949762106,-7.326716076707047],[-35.756600461900234,-7.326598025479052],[-35.755765959620476,-7.326266816796399],[-35.75487647205591,-7.32575936205212],[-35.75284704566002,-7.324057754999982],[-35.75073681771755,-7.323644406830471],[-35.74986409395933,-7.322872911232985],[-35.749348774552345,-7.322538706906725],[-35.748780481517315,-7.322383077343938],[-35.74762914329767,-7.322301604581084],[-35.74681241065264,-7.322006307258664],[-35.74502304196358,-7.320420410973703],[-35.74472464621067,-7.3200466321226285],[-35.74388209730387,-7.319592044788245],[-35.74352502822876,-7.319477317114185],[-35.74323032051325,-7.319479977466363],[-35.74279848486185,-7.319727390151306],[-35.74242264032364,-7.320163687454871],[-35.74213832616806,-7.320245493151802],[-35.74104197323322,-7.319918935361537],[-35.74062421917915,-7.319605346545662],[-35.740273520350456,-7.319522875643365],[-35.740177631378174,-7.319222588317853],[-35.740260779857635,-7.3191720415942365],[-35.740204118192196,-7.318799591875209],[-35.73954328894615,-7.318142150853362],[-35.738882794976234,-7.317707181754038],[-35.738012082874775,-7.317624710500838],[-35.73760371655226,-7.318023432265113],[-35.73757454752922,-7.318454410518705],[-35.738292038440704,-7.31982615566061],[-35.738343335688114,-7.320501884080247],[-35.738067738711834,-7.321201222011298],[-35.737474635243416,-7.321235141369511],[-35.737372040748596,-7.320820127868146],[-35.73609799146652,-7.319654563044609],[-35.73604132980108,-7.320089862788711],[-35.735404305160046,-7.319837129604722],[-35.734965428709984,-7.319879362659931],[-35.734554715454586,-7.320258462346286],[-35.73476694524288,-7.320735661931934],[-35.73516357690096,-7.321353526560301],[-35.73527690023184,-7.321915190703035],[-35.73608357459307,-7.322210155543806],[-35.73628172278404,-7.32258925324879],[-35.73612615466118,-7.322926117868756],[-35.73569733649492,-7.32348678240744],[-35.726000145077705,-7.304999778174914],[-35.70414215326309,-7.260282891548269],[-35.70965476334095,-7.260992633734004],[-35.71038968861103,-7.26116291847793],[-35.714210495352745,-7.262416770954437],[-35.71517810225487,-7.262965205593676],[-35.717834159731865,-7.264899188990647],[-35.718579813838005,-7.2655244475349505],[-35.72488132864237,-7.27287349829958],[-35.726369954645634,-7.274304581989703],[-35.7305920869112,-7.277098890278482],[-35.7314021140337,-7.2775408829379185],[-35.73218531906605,-7.277652295616294],[-35.73516793549061,-7.2774554111031735],[-35.742408223450184,-7.277322048402484],[-35.74522588402033,-7.277177378096313],[-35.74581295251846,-7.277026388807468],[-35.746304132044315,-7.276783608566908],[-35.75043339282274,-7.272764412486054],[-35.75096379965544,-7.272530942149745],[-35.751550532877445,-7.272463096046339],[-35.752323009073734,-7.272617080079965],[-35.75298584997654,-7.27312027159698],[-35.75608145445585,-7.276639270662975],[-35.75725290924311,-7.277833216444048],[-35.75791273266077,-7.278344383903214],[-35.76344344764948,-7.281254734830178],[-35.764028169214725,-7.28146758114574],[-35.76760087162256,-7.281919879230943],[-35.7682378962636,-7.282056898854923],[-35.768861174583435,-7.281866335143193],[-35.769451931118965,-7.281587972298297],[-35.770000107586384,-7.2809999842633815],[-35.77219817787409,-7.277492992106464],[-35.77260587364435,-7.277168398558503],[-35.775304175913334,-7.276194283929624],[-35.7764682546258,-7.275992077555214],[-35.78208480030298,-7.275949507780585],[-35.7827178016305,-7.275800513537538],[-35.78320361673832,-7.275395767765954],[-35.78658353537321,-7.2708407729322735],[-35.78705292195082,-7.270436355269586],[-35.78768692910671,-7.270195234368129],[-35.793329291045666,-7.268845287509389],[-35.798467732965946,-7.268183449553094],[-35.7991661131382,-7.267993212532968],[-35.79951848834753,-7.267811289992584],[-35.79980045557022,-7.267625376388002],[-35.800372771918774,-7.267066304780794],[-35.80338019877672,-7.263308434208824],[-35.803936421871185,-7.262739047060604],[-35.8044970035553,-7.262310010707343],[-35.80857966095209,-7.259729132223435],[-35.81177920103074,-7.257829383340344],[-35.81333119422197,-7.25737606322486],[-35.81650625914335,-7.256665650151546],[-35.8267355337739,-7.2550339574511895],[-35.8281410112977,-7.254650478874831],[-35.829348005354404,-7.254413673207439],[-35.83888057619333,-7.251701374691417],[-35.84025152027608,-7.251009910567604],[-35.84000006318093,-7.249999818931499],[-35.83500009030104,-7.239999889335712],[-35.813977271318436,-7.206962559884065],[-35.81424951553345,-7.20664257234158],[-35.81437960267067,-7.206678828737685],[-35.81429611891508,-7.206768305519303],[-35.81430282443762,-7.206930295038158],[-35.814419500529766,-7.2069402738567465],[-35.81466659903526,-7.206364495665831],[-35.81487312912941,-7.206354849462285],[-35.81477992236614,-7.206483576368449],[-35.814859718084335,-7.206596337116644],[-35.81495996564627,-7.206566400637559],[-35.815103463828564,-7.206440667403782],[-35.81507999449968,-7.20618254827487],[-35.81538341939449,-7.206285330265225],[-35.81558357924223,-7.206222463613687],[-35.81579379737377,-7.206480582719865],[-35.816030502319336,-7.206394432158237],[-35.81613041460514,-7.206239095003854],[-35.81618741154671,-7.205712877523956],[-35.815763622522354,-7.205712877523956],[-35.81577032804489,-7.205543902375531],[-35.81610057502985,-7.205183333147335],[-35.81608045846224,-7.205044294383114],[-35.8159738406539,-7.204938518452518],[-35.816007032990456,-7.204862346462095],[-35.81615388393402,-7.20494849731496],[-35.816197134554386,-7.204614205304013],[-35.81640399992466,-7.204432257210366],[-35.816510617733,-7.204647468201733],[-35.81667087972164,-7.204581275032888],[-35.81686098128557,-7.204667093310239],[-35.81682778894901,-7.204786174458848],[-35.81672418862581,-7.204783180799093],[-35.81675101071596,-7.204905588204967],[-35.81693775951862,-7.205133771487482],[-35.81703431904316,-7.205157055489415],[-35.8171945810318,-7.204875651614193],[-35.81751141697168,-7.204865672750174],[-35.81773169338704,-7.204711000329569],[-35.81795163452625,-7.204657779699535],[-35.81802673637867,-7.204357083022361],[-35.818522945046425,-7.204474168477904],[-35.818675830960274,-7.204383693355831],[-35.81884481012821,-7.204383693355831],[-35.818874314427376,-7.204154844437037],[-35.81895478069782,-7.204061708216107],[-35.81937052309513,-7.204154844437037],[-35.819488540291786,-7.204032436828422],[-35.8194724470377,-7.203819553952052],[-35.819619968533516,-7.203721095587911],[-35.81988014280796,-7.203832859134735],[-35.82014836370945,-7.2037344007735316],[-35.820797458291054,-7.203768994254241],[-35.82072235643864,-7.203521517757167],[-35.820985212922096,-7.203255413846199],[-35.82094967365265,-7.203148306977929],[-35.8207243680954,-7.202992636080781],[-35.82076996564865,-7.202867567116154],[-35.82108914852142,-7.202782413758822],[-35.821156203746796,-7.202856922947383],[-35.82128494977951,-7.202859583989588],[-35.82162022590637,-7.202638717432003],[-35.821681916713715,-7.202425833901152],[-35.82190990447998,-7.202455105392588],[-35.821896493434906,-7.2025455808995575],[-35.822038650512695,-7.20277443063073],[-35.822137892246246,-7.202779752716146],[-35.82228273153305,-7.202593479690044],[-35.82284331321716,-7.202699921428632],[-35.82334756851196,-7.202513648369746],[-35.82348972558975,-7.202367290912646],[-35.8235889673233,-7.202117152603914],[-35.82354873418808,-7.20192555721023],[-35.82338243722916,-7.201811132144854],[-35.82350581884384,-7.201518416729894],[-35.82372844219208,-7.201449229422392],[-35.823924243450165,-7.201662113411753],[-35.82409590482712,-7.2015876040268365],[-35.824154913425446,-7.201473178876172],[-35.82424342632294,-7.2011618358781995],[-35.82421123981476,-7.200970240080879],[-35.82411468029022,-7.200826543179766],[-35.82392156124115,-7.200752033657552],[-35.82419514656067,-7.200496572345636],[-35.824790596961975,-7.200368841635735],[-35.82535922527313,-7.200411418543027],[-35.825536251068115,-7.200363519522026],[-35.825756192207336,-7.20005483682089],[-35.82587957382203,-7.20000161564431],[-35.82615315914154,-7.2000920916407924],[-35.82648441195488,-7.200098744286909],[-35.82665339112282,-7.200221152957524],[-35.8270014077425,-7.19984527840191],[-35.82723207771778,-7.199866566880631],[-35.827760472893715,-7.200147308600398],[-35.82806088030338,-7.200373498485151],[-35.82815743982792,-7.200618315645051],[-35.828291550278664,-7.200644926197954],[-35.8284605294466,-7.20043736384395],[-35.82846321165562,-7.200008933556452],[-35.82837201654911,-7.199793387730817],[-35.82844980061054,-7.199644368334696],[-35.82893259823322,-7.199383584273671],[-35.82906939089298,-7.199085545163184],[-35.82953341305256,-7.198766217327509],[-35.82963265478611,-7.1985320434384965],[-35.82996256649494,-7.198425600721684],[-35.83026833832264,-7.198018457099482],[-35.830786004662514,-7.198079661719602],[-35.831231251358986,-7.197930641760523],[-35.83219148218632,-7.197781621752451],[-35.8336291462183,-7.19690878929375],[-35.8338812738657,-7.196381895716334],[-35.834219232201576,-7.195977411342822],[-35.83473924547434,-7.195569267616943],[-35.834956504404545,-7.195232307605717],[-35.83501148968935,-7.195026073319468],[-35.83495784550905,-7.194443627272756],[-35.83503697067499,-7.1943301982298085],[-35.83542723208666,-7.194270656286861],[-35.83587381988764,-7.193976272822759],[-35.83622217178345,-7.194019182966674],[-35.83658695220947,-7.194418014265563],[-35.836752243340015,-7.194740338887376],[-35.836921222507954,-7.19472304180307],[-35.83753142505884,-7.194136271090753],[-35.83798170089722,-7.193540185780958],[-35.83885073661804,-7.193529874030429],[-35.839006304740906,-7.193609374294564],[-35.83906531333923,-7.193742761735771],[-35.83907067775726,-7.194274980562301],[-35.83922624588013,-7.194876387085289],[-35.83921015262604,-7.1950839519834835],[-35.83897411823273,-7.195488437153342],[-35.839022397994995,-7.195919532792748],[-35.839194059371955,-7.196260151279985],[-35.839542746543884,-7.196680601872557],[-35.839773416519165,-7.196845588707532],[-35.840030908584595,-7.196781722843064],[-35.840229727327824,-7.196291751614969],[-35.84051370620728,-7.194977175821733],[-35.84065318107605,-7.19481784312249],[-35.84117889404297,-7.194658177731018],[-35.841779708862305,-7.195131851561882],[-35.841951705515385,-7.195104575413678],[-35.84213376045227,-7.194918964508033],[-35.842498540878296,-7.193710495949348],[-35.8428955078125,-7.192970378053871],[-35.842798948287964,-7.192544601818965],[-35.84281504154205,-7.19206028086635],[-35.84300011396408,-7.191999740710921],[-35.844236612319946,-7.1932474650297396],[-35.84537420421839,-7.193928373122379],[-35.84664020687342,-7.195099585874197],[-35.84672570228577,-7.196142398433437],[-35.84621071815491,-7.1963981948323745],[-35.84674749523401,-7.197185873865184],[-35.84741234779358,-7.198697362233473],[-35.84893584251404,-7.199122800062702],[-35.851446725428104,-7.200719768369612],[-35.85200026631355,-7.201999733908694],[-35.858591459691525,-7.20659034982099],[-35.85879061371088,-7.206924973001518],[-35.85882280021906,-7.207515718689082],[-35.85919730365276,-7.2078786144474565],[-35.861484222114086,-7.210780772175182],[-35.862819626927376,-7.211600358107532],[-35.863960571587086,-7.211594370878008],[-35.865195728838444,-7.21121750788302],[-35.866333320736885,-7.210658033732127],[-35.86699180305005,-7.20982347796219],[-35.86698476225138,-7.206615962140738],[-35.86686372756958,-7.206314268879654],[-35.86626760661602,-7.206018230093007],[-35.86608823388815,-7.205975321084295],[-35.86587801575661,-7.206128662561858],[-35.86570434272289,-7.20612034686488],[-35.86554944515228,-7.20600791862617],[-35.8653861656785,-7.205701900793792],[-35.86549814790487,-7.204793492293778],[-35.865647345781326,-7.204581275032888],[-35.86578615009785,-7.204103619517893],[-35.865711718797684,-7.203571079593364],[-35.86539018899202,-7.203006273917932],[-35.86554944515228,-7.202189998747948],[-35.86578615009785,-7.201843064724155],[-35.866374894976616,-7.201382703155201],[-35.86675375699997,-7.200544803984568],[-35.86703337728977,-7.200381481655507],[-35.867266058921814,-7.199942739710391],[-35.86748633533716,-7.199756798151469],[-35.86777735501528,-7.199761122374673],[-35.86791414767504,-7.199650688354728],[-35.868094861507416,-7.198996732131446],[-35.86854781955481,-7.198802806986764],[-35.868617221713066,-7.198571959450841],[-35.86854983121157,-7.1980513878471815],[-35.86860280483961,-7.19773937723231],[-35.86879089474678,-7.197604660429294],[-35.869027599692345,-7.197747360449038],[-35.869209319353104,-7.197761663711941],[-35.86929481476545,-7.1974167221063885],[-35.86911544203758,-7.196887168041569],[-35.86926430463791,-7.196797356675294],[-35.86965724825859,-7.197011573386223],[-35.87004415690899,-7.197028870383305],[-35.87051052600145,-7.196651995278152],[-35.871096923947334,-7.19663137191826],[-35.871298760175705,-7.19654355631085],[-35.87150260806084,-7.196312374990292],[-35.8717255666852,-7.195383989537096],[-35.872022621333606,-7.194672481091272],[-35.87194886058569,-7.194505165011489],[-35.87172321975231,-7.194332526685533],[-35.8716806396842,-7.19415922302064],[-35.87175004184246,-7.193960971530116],[-35.871572345495224,-7.193720142421804],[-35.87186235934496,-7.19325877469865],[-35.87208900600672,-7.193166966790088],[-35.872190929949284,-7.19300763345542],[-35.87231732904911,-7.192930128911246],[-35.87277263402939,-7.193015949392835],[-35.87324604392052,-7.192534290045817],[-35.873335897922516,-7.192052297549575],[-35.87370738387108,-7.191370721365903],[-35.87348911911249,-7.191029766570949],[-35.87351158261299,-7.190609310744443],[-35.873607471585274,-7.1903398728662005],[-35.873609483242035,-7.189851890524199],[-35.87332550436258,-7.188217960829103],[-35.873317793011665,-7.187293550526071],[-35.87347235530615,-7.1866485578404635],[-35.87494254112244,-7.18551956895546],[-35.87627291679382,-7.184822016082876],[-35.877007842063904,-7.18431639769006],[-35.87736222893,-7.18415706125107],[-35.877625085413456,-7.183746911037334],[-35.87774310261011,-7.183252268722019],[-35.87838113307953,-7.182517788756572],[-35.87860643863678,-7.181974578852153],[-35.87851524353027,-7.1814476679513115],[-35.87849948555231,-7.180537880331148],[-35.87909460067749,-7.179670004448137],[-35.880253314971924,-7.17886100558331],[-35.88074717670679,-7.178733268788932],[-35.880897380411625,-7.178477795092534],[-35.88094029575586,-7.177796531200809],[-35.88134799152613,-7.177051397651118],[-35.88205609470606,-7.175412099546743],[-35.88229212909937,-7.1750501757928635],[-35.88383372873068,-7.17405288807751],[-35.88404092937708,-7.173576198414455],[-35.88416934013367,-7.172165420290261],[-35.88430881500244,-7.171574961277351],[-35.884529426693916,-7.171207379364299],[-35.887868106365204,-7.170757631678861],[-35.88876932859421,-7.1702826018364725],[-35.88928163051605,-7.169519159980393],[-35.88965076953173,-7.169133280385456],[-35.89041084051132,-7.168510549866988],[-35.89122623205185,-7.1679912744621825],[-35.892273634672165,-7.168186876029427],[-35.893038399517536,-7.1685647726970405],[-35.8941525220871,-7.168655587606522],[-35.89463900774717,-7.168602362753322],[-35.89499741792679,-7.168828568336417],[-35.89520663022995,-7.168873476784417],[-35.895638801157475,-7.168815262128768],[-35.89721292257309,-7.168259062300919],[-35.89720521122217,-7.169116980291928],[-35.89649308472872,-7.171233991639473],[-35.896423012018204,-7.1717782123253775],[-35.89822445064783,-7.171760914367385],[-35.899172611534595,-7.171672095995738],[-35.8993710950017,-7.1717213286533035],[-35.89997861534357,-7.172828396736995],[-35.900118090212345,-7.172961457623528],[-35.90040910989046,-7.173001375881891],[-35.90085569769144,-7.1740256106643345],[-35.90102031826973,-7.174163993621615],[-35.9012607112527,-7.1745568546243925],[-35.90164829045534,-7.174798691838506],[-35.902376510202885,-7.1745102834817525],[-35.902525037527084,-7.174500969252635],[-35.90261522680521,-7.174620390961324],[-35.90340781956911,-7.177714366980839],[-35.9035550057888,-7.177795200606255],[-35.90565148741007,-7.177546379359492],[-35.90730909258127,-7.179689297988983],[-35.90596731752157,-7.18145066176498],[-35.90563304722309,-7.18168318123247],[-35.905027873814106,-7.181890086867491],[-35.90694162994623,-7.1817171111018965],[-35.92699885368348,-7.1777469665516795],[-35.93800026923418,-7.174999945543242],[-35.94000019133091,-7.173999996506595],[-35.93900006264448,-7.185999905170396],[-35.93800026923418,-7.193999890034268],[-35.942721627652645,-7.1942087858797406],[-35.94361916184425,-7.19413527318073],[-35.94679053872824,-7.193499936688854],[-35.94820976257325,-7.193455363309986],[-35.949457325041294,-7.193668916324264],[-35.949697047472,-7.193758395672692],[-35.95014799386263,-7.194162882023834],[-35.95108140259981,-7.194765286603991],[-35.9517640247941,-7.195433552262436],[-35.95216602087021,-7.195661075039568],[-35.95245033502579,-7.195709972463629],[-35.9531906247139,-7.195636792643353],[-35.95436040312052,-7.19575388035013],[-35.955650210380554,-7.197270695638914],[-35.95600761473179,-7.197057476953959],[-35.957072116434574,-7.196114789710749],[-35.95839511603117,-7.1953796652722035],[-35.95906499773264,-7.195261579561335],[-35.96306551247835,-7.195004784613631],[-35.963793732225895,-7.194748987429301],[-35.96418868750334,-7.1944216732666835],[-35.96671599894762,-7.190209810820813],[-35.969495102763176,-7.1871867725325504],[-35.97009692341089,-7.18673604271946],[-35.97221452742815,-7.177168157497782],[-35.9790001809597,-7.172999712621202],[-35.987000204622746,-7.159999814163841],[-35.99600002169609,-7.163999720059258],[-36.029000245034695,-7.164999691049874],[-36.03300008922815,-7.165999992503824],[-36.03195872157812,-7.167673588064304],[-36.031464189291,-7.168272035869238],[-36.031378358602524,-7.168580740154941],[-36.031626127660275,-7.169334203939494],[-36.03155102580786,-7.17029224880601],[-36.03165831416846,-7.171260936566468],[-36.03157248347998,-7.172133818277968],[-36.03177633136511,-7.172708641905864],[-36.031851433217525,-7.173230240495706],[-36.03217329829931,-7.173336689114101],[-36.03240396827459,-7.173880574635151],[-36.042489409446716,-7.166933760452937],[-36.04510724544525,-7.165549907019867],[-36.04573890566826,-7.165340665353804],[-36.046843975782394,-7.165085184143193],[-36.04750916361809,-7.165085184143193],[-36.04912921786308,-7.16522356981673],[-36.06038376688957,-7.166564844167303],[-36.06213256716728,-7.166564844167303],[-36.06397792696953,-7.166245493489495],[-36.06488987803459,-7.165936787621593],[-36.067929826676846,-7.164549271919764],[-36.07132516801358,-7.162647460390489],[-36.07246845960617,-7.162114206582014],[-36.08007922768593,-7.159370750587918],[-36.08460545539856,-7.158148548436789],[-36.094656363129616,-7.154282655570599],[-36.09200030565262,-7.19499979507303],[-36.09164256602526,-7.197775301706377],[-36.09180349856615,-7.198669421032925],[-36.091674752533436,-7.1991697013158],[-36.09111685305834,-7.199286788110839],[-36.09058041125536,-7.199680625290477],[-36.09061259776354,-7.201287903207631],[-36.090666241943836,-7.201415633658698],[-36.091098077595234,-7.2015540082733835],[-36.09150040894747,-7.202778089564448],[-36.09163787215948,-7.202876215503147],[-36.09211463481188,-7.203022905426097],[-36.0928924754262,-7.202783411649813],[-36.093088276684284,-7.202844615626914],[-36.09311241656542,-7.2029457352231026],[-36.092923656105995,-7.203289009473562],[-36.09299708157778,-7.203853149537637],[-36.09393585473299,-7.20467807006544],[-36.0940270498395,-7.204917562840727],[-36.09370417892933,-7.206100721819298],[-36.09363544732332,-7.206673839325541],[-36.09335649758577,-7.207237975176284],[-36.09336722642184,-7.207397636138591],[-36.09351206570864,-7.207605195305477],[-36.09376955777407,-7.207722279921759],[-36.094343550503254,-7.2078337098551915],[-36.09459567815066,-7.208129414829229],[-36.09471436589956,-7.208458382228191],[-36.09464932233095,-7.208650972738187],[-36.0944240167737,-7.208709514914966],[-36.09398145228625,-7.209175191051776],[-36.09388221055269,-7.20938541040811],[-36.09391439706087,-7.210018728891919],[-36.094866916537285,-7.210689300438947],[-36.09639845788479,-7.212007489528923],[-36.09659995883704,-7.212685043215204],[-36.096789725124836,-7.213956992021191],[-36.09702575951815,-7.214159226230098],[-36.097540743649006,-7.2143614603486395],[-36.09868872910738,-7.216170919493172],[-36.098828203976154,-7.216586029688387],[-36.09860725700855,-7.217215679281676],[-36.09824884682894,-7.217394961282422],[-36.09817374497652,-7.218012302841626],[-36.09846845269204,-7.218426746109727],[-36.09935391694307,-7.218640287356488],[-36.09988130629063,-7.218967584024998],[-36.09984744340181,-7.2193534212569315],[-36.100544817745686,-7.2197365972166665],[-36.10040534287691,-7.220226210470598],[-36.10065210610628,-7.22059874193918],[-36.10136020928621,-7.220694535695792],[-36.10250215977431,-7.220248495843892],[-36.10264766961336,-7.220268785511132],[-36.10291186720133,-7.220660608742655],[-36.10276870429516,-7.220929363360516],[-36.102588661015034,-7.2219132433835025],[-36.10239017754793,-7.222466716532612],[-36.10247600823641,-7.223424649227949],[-36.10239017754793,-7.223685419443498],[-36.10199321061373,-7.2242176030901035],[-36.10198248177767,-7.224382579893329],[-36.102084405720234,-7.224499660168766],[-36.10242772847414,-7.2246539932128],[-36.10247600823641,-7.224944697984471],[-36.102577932178974,-7.225095704737156],[-36.102577932178974,-7.225250037577648],[-36.10219169408083,-7.225532094012006],[-36.10214877873659,-7.225713035782859],[-36.10225606709719,-7.226011057365157],[-36.102239973843105,-7.226670961598009],[-36.10210049897432,-7.227219107123134],[-36.102223210036755,-7.227444950868758],[-36.10223460942507,-7.228081237574473],[-36.10236335545778,-7.228927401047223],[-36.10250819474459,-7.2289646534907295],[-36.10292125493288,-7.228735817003514],[-36.103096939623356,-7.228816974143057],[-36.10334504395723,-7.230092868895622],[-36.103793643414974,-7.230131784294179],[-36.10399413853884,-7.2310401419175445],[-36.10425163060427,-7.231636177856632],[-36.104316003620625,-7.23223753474784],[-36.10415507107973,-7.232487656404791],[-36.10399413853884,-7.232594091110422],[-36.10348451882601,-7.232429117306027],[-36.10301982611418,-7.232482999885848],[-36.10272277146578,-7.232610056314085],[-36.10262621194124,-7.232934681999757],[-36.102771051228046,-7.233275272632154],[-36.102540381252766,-7.233708660536032],[-36.10250718891621,-7.23415967620907],[-36.102282889187336,-7.2344513726838615],[-36.102030761539936,-7.2344513726838615],[-36.10191810876131,-7.234557806926505],[-36.101832278072834,-7.235052725824929],[-36.10195565968752,-7.235223020374187],[-36.102041490375996,-7.235537000780871],[-36.10215950757266,-7.235648756466128],[-36.10265839844942,-7.235632791369943],[-36.10276032239199,-7.235717938543131],[-36.1034469678998,-7.236952570749218],[-36.104026325047016,-7.2371867247520285],[-36.10417116433382,-7.237319766744947],[-36.104525215923786,-7.2374155569555585],[-36.10496509820223,-7.237841290978841],[-36.10525410622358,-7.237991295605411],[-36.10612917691469,-7.239001414153245],[-36.10616136342287,-7.240518084445197],[-36.10633805394173,-7.240884279731557],[-36.106327660381794,-7.2418484927825215],[-36.10618818551303,-7.24213619306928],[-36.10584486275911,-7.242497730625974],[-36.105297692120075,-7.2428542788799986],[-36.10513139516115,-7.24305650015247],[-36.105050928890705,-7.243253399725352],[-36.10509384423494,-7.243381118321245],[-36.10547471791506,-7.243785560302835],[-36.10564101487398,-7.24407292675346],[-36.10597360879183,-7.244274149679842],[-36.10613990575075,-7.24463701592006],[-36.10637292265892,-7.244910745255329],[-36.106536872684956,-7.245371395097966],[-36.10642958432436,-7.2459567689478925],[-36.10645640641451,-7.246132380954606],[-36.10661197453737,-7.246244134014124],[-36.10674072057009,-7.246228169293041],[-36.10715378075838,-7.245701333179622],[-36.10744345933199,-7.245722619499166],[-36.10801577568054,-7.246072180634244],[-36.10825348645449,-7.24632927918378],[-36.10844660550356,-7.246739040087546],[-36.10875237733126,-7.247856567931093],[-36.1089937761426,-7.248165217989852],[-36.10953591763973,-7.248318877746273],[-36.10965359956026,-7.248489832478649],[-36.10931698232889,-7.248946820102284],[-36.10891867429018,-7.250176759743986],[-36.1085119843483,-7.250837293816966],[-36.10832020640373,-7.251317560681663],[-36.108159609138966,-7.2517572505338395],[-36.10814083367586,-7.251980753834205],[-36.1082373932004,-7.252252150549781],[-36.109583862125874,-7.253162126578739],[-36.10998820513487,-7.253612125009821],[-36.11022222787142,-7.254045493361964],[-36.11043278127909,-7.254585955994658],[-36.110469326376915,-7.254924534716404],[-36.11035633832216,-7.255264110958492],[-36.10991109162569,-7.255695149580425],[-36.110025756061084,-7.256209668135665],[-36.11041769385338,-7.256261884918],[-36.11258257180452,-7.255721756889239],[-36.11294198781252,-7.255450362265539],[-36.11345160752535,-7.254795821617409],[-36.11369837075472,-7.254715999522017],[-36.11396457999945,-7.254837063027816],[-36.11415199935436,-7.255055243329629],[-36.11425895243883,-7.255422091982821],[-36.11428141593933,-7.25573539313442],[-36.11419592052698,-7.256093593865285],[-36.11365545541048,-7.256376296190658],[-36.113532073795795,-7.256626404452792],[-36.11346770077944,-7.25710533477956],[-36.113497875630856,-7.257804771695031],[-36.11363936215639,-7.258818836884763],[-36.114215366542346,-7.260312159289411],[-36.115280874073505,-7.2608409738296436],[-36.115565188229084,-7.261112365201315],[-36.11564565449954,-7.2614263275641395],[-36.11549276858568,-7.261806141909286],[-36.11511021852493,-7.2622015875021315],[-36.1145194619894,-7.263661640126416],[-36.11416541039944,-7.265554380102997],[-36.114025600254536,-7.26797691600128],[-36.11492581665516,-7.270821150702093],[-36.114978455007076,-7.271589410259561],[-36.11496604979038,-7.271808912748832],[-36.11478801816702,-7.271972209228074],[-36.11454427242279,-7.272041385722758],[-36.11430957913399,-7.2724122114620675],[-36.11940644681454,-7.3021497743836585],[-36.12861279398203,-7.358654267901374],[-36.0380107909441,-7.367836899916668],[-36.037318110466,-7.368312385893345],[-36.03633642196656,-7.368630927961512],[-36.03479415178299,-7.3687512955727605],[-36.032506227493286,-7.369839922703899],[-36.03168178349733,-7.370891639043927],[-36.03067360818386,-7.371151658316776],[-36.028710566461086,-7.3714073548697305],[-36.02816976606846,-7.372052081933706],[-36.02769233286381,-7.373152671091193],[-36.02693594992161,-7.373906456709141],[-36.02445390075445,-7.375208870211104],[-36.022320203483105,-7.377802380705688],[-36.02129124104977,-7.379786738470974],[-36.01929064840078,-7.381355465404562],[-36.01857550442219,-7.3814542172106234],[-36.017584428191185,-7.381185226549042],[-36.017316207289696,-7.380293798972142],[-36.01675026118755,-7.379900785572056],[-36.01571660488844,-7.379458229455666],[-36.01522408425808,-7.380227631765961],[-36.01546011865139,-7.382185378886706],[-36.01443015038967,-7.383025930697779],[-36.014071740210056,-7.383945614907336],[-36.01358089596033,-7.3866630943449305],[-36.01297974586487,-7.387067406510196],[-36.01076692342758,-7.386635829859947],[-36.009768806397915,-7.383859498498911],[-36.008769012987614,-7.3827502910592075],[-36.00769881159067,-7.382480968689106],[-36.007246524095535,-7.383017618286594],[-36.006619557738304,-7.383972879558268],[-36.005556397140026,-7.38469140225251],[-36.0047148540616,-7.385575838578999],[-36.0036252066493,-7.385566528732176],[-36.001948826014996,-7.383787014404668],[-36.002858094871044,-7.383300240179581],[-36.00360542535782,-7.382754613515688],[-36.00422367453575,-7.382551790513441],[-36.00439801812172,-7.382423779226444],[-36.0043678432703,-7.382273158106256],[-36.003806591033936,-7.381690290462364],[-36.003491431474686,-7.380527877853342],[-36.00338917225599,-7.38042247587248],[-36.003021374344826,-7.38037359860465],[-36.00256238132715,-7.380565450162231],[-36.00164037197828,-7.381155966739174],[-36.00137885659933,-7.381250063620882],[-36.000950038433075,-7.38124640614527],[-36.00065030157566,-7.381141004335625],[-36.00044175982475,-7.380900275818105],[-36.000073961913586,-7.379959637854709],[-36.00007764995098,-7.3785943958809685],[-35.99992208182812,-7.3779809333689625],[-35.999463088810444,-7.377619837964253],[-35.99868558347225,-7.376675868014294],[-35.99712286144495,-7.375547024941018],[-35.99703937768936,-7.3754230016531555],[-35.99704306572676,-7.374960490908648],[-35.9969786927104,-7.3748248298653305],[-35.99663335829973,-7.374587755442277],[-35.99647041410208,-7.374493989646629],[-35.996052995324135,-7.374448769255817],[-35.9949341788888,-7.374794904629595],[-35.99409565329552,-7.374794904629595],[-35.99323466420174,-7.374508952274929],[-35.99231667816639,-7.373944694586741],[-35.99164143204689,-7.3740574131806405],[-35.99119383841753,-7.374038793001897],[-35.99071975797415,-7.373827985923891],[-35.989957340061665,-7.373011689430413],[-35.989369601011276,-7.372665552662548],[-35.988136790692806,-7.373045604834066],[-35.98780654370785,-7.372947848663613],[-35.98752222955227,-7.3727257359240435],[-35.98666090518236,-7.37253022342037],[-35.98606176674366,-7.372552833714309],[-35.985652059316635,-7.372755993803815],[-35.98510589450598,-7.372699468092675],[-35.98469249904156,-7.372285500164845],[-35.9840739145875,-7.372048756886807],[-35.983717516064644,-7.37208632991548],[-35.982883013784885,-7.372402209234284],[-35.98253399133682,-7.372402209234284],[-35.982393845915794,-7.3722628898572555],[-35.981953628361225,-7.371326223599763],[-35.98166160285473,-7.371145673220157],[-35.98158583045006,-7.371014001073706],[-35.981627404689796,-7.3705850688100005],[-35.982359647750854,-7.369546984511706],[-35.98259869962931,-7.36936643340687],[-35.983971655368805,-7.368783216259751],[-35.98452150821686,-7.368298088070717],[-35.98477195948362,-7.367914374239975],[-35.98471898585558,-7.36747779128839],[-35.98491244018078,-7.3667894989374165],[-35.98521217703819,-7.366326979177359],[-35.9858076274395,-7.365762378557198],[-35.98594408482313,-7.365465447553769],[-35.98593670874834,-7.365318478271303],[-35.985811315476894,-7.365055130475883],[-35.9852309525013,-7.36430299235016],[-35.984275080263615,-7.363716110919185],[-35.9842449054122,-7.363576788811001],[-35.9829892963171,-7.363874053590337],[-35.98247330635786,-7.363896664326017],[-35.98230633884668,-7.363787600766781],[-35.98217759281397,-7.363866405841215],[-35.98203342407942,-7.363828832115503],[-35.981703512370586,-7.3632948193506405],[-35.98134309053421,-7.363031470353111],[-35.981202609837055,-7.362828305804912],[-35.98117243498564,-7.3624256340603775],[-35.98121199756861,-7.361998688557787],[-35.9814802184701,-7.361313712827265],[-35.98204851150513,-7.36087047311357],[-35.98295006901026,-7.360615102994912],[-35.98292861133814,-7.360253328408385],[-35.98268151283264,-7.359973019403681],[-35.9818771854043,-7.359976677054949],[-35.98090052604675,-7.359547069082312],[-35.97957048565149,-7.3575895544235],[-35.980514623224735,-7.35686566750503],[-35.981115102767944,-7.356887281049797],[-35.98266039043665,-7.358015174109073],[-35.98406586796045,-7.358252922427557],[-35.98482761532068,-7.358015174109073],[-35.98531041294336,-7.357401683104297],[-35.98572850227356,-7.357036248221935],[-35.98868999630213,-7.35756827342851],[-35.99017057567835,-7.357504430437395],[-35.99032077938318,-7.357057529242459],[-35.98969850689173,-7.356397817132081],[-35.988282300531864,-7.355801947286267],[-35.9864154830575,-7.35269489870209],[-35.98714470863342,-7.351885878738048],[-35.987531282007694,-7.3515776327659115],[-35.98755240440369,-7.350907271854972],[-35.9857714176178,-7.349779360737258],[-35.98586831241846,-7.349080732750667],[-35.986343398690224,-7.348532071257984],[-35.98705921322107,-7.348459913908217],[-35.988539792597294,-7.3488004166908825],[-35.98920498043299,-7.347927877787875],[-35.98916172981262,-7.347119181664844],[-35.988475419580936,-7.346288870010536],[-35.987788438797,-7.346523299369283],[-35.98657105118036,-7.345212488516507],[-35.98495602607727,-7.344310015276594],[-35.98418388515711,-7.344629239623954],[-35.98201632499695,-7.34445898666719],[-35.98124921321869,-7.343999768894336],[-35.98188791424036,-7.342277614889688],[-35.982746221125126,-7.341149681870712],[-35.98246391862631,-7.340489281080745],[-35.98049283027649,-7.339979182316946],[-35.979554392397404,-7.340037374839127],[-35.97937200218439,-7.339745082036541],[-35.98136220127344,-7.3325411177418935],[-35.977242328226566,-7.33037032868594],[-35.97728490829468,-7.3282846586465],[-35.97797188907862,-7.326156081308456],[-35.97990307956934,-7.325858458764503],[-35.98075032234192,-7.325932947553928],[-35.980739928781986,-7.325060363810811],[-35.98104000091553,-7.323772767606384],[-35.9824350848794,-7.322602222375057],[-35.982291921973236,-7.322148967813831],[-35.98055720329285,-7.321601935833226],[-35.97961340099573,-7.322070155344939],[-35.97863707691431,-7.322261699548943],[-35.97835812717676,-7.321942459163242],[-35.97810063511133,-7.321037943495956],[-35.97817540168762,-7.320303688252255],[-35.97863305360079,-7.319042016772305],[-35.97853012382984,-7.318293126267305],[-35.9785944968462,-7.317053397126618],[-35.97854420542717,-7.316280892489381],[-35.97783174365759,-7.314736876845977],[-35.97782738506794,-7.31427596569192],[-35.97763326019049,-7.313465213170878],[-35.976886600255966,-7.3131842095950015],[-35.976392067968845,-7.31340236149885],[-35.97616340965033,-7.313289627525264],[-35.97623951733112,-7.312359488019659],[-35.97682323306799,-7.311375140919496],[-35.97639508545399,-7.310866339033967],[-35.97646951675415,-7.310783533966375],[-35.97644940018654,-7.310186272863464],[-35.97659356892109,-7.3100742031799815],[-35.97699958831072,-7.3102019027577345],[-35.97773652523756,-7.310179289293507],[-35.97843591123819,-7.309734335896759],[-35.9785944968462,-7.308946853761378],[-35.978416465222836,-7.308300705009599],[-35.97776971757413,-7.307189978774631],[-35.97646281123161,-7.3057423724446435],[-35.97599610686302,-7.304998780510506],[-35.97596928477287,-7.304285782431541],[-35.97645543515682,-7.303265168929857],[-35.9773425757885,-7.301701819976881],[-35.97777273505926,-7.300364272670981],[-35.97908265888691,-7.299106203018806],[-35.980427116155624,-7.2981474338422565],[-35.98170284181834,-7.297986807379676],[-35.982383117079735,-7.297538848803535],[-35.982641614973545,-7.2970609593158695],[-35.98259970545769,-7.296502256971187],[-35.98218128085137,-7.2960626109452225],[-35.98124049603939,-7.295808201360782],[-35.98025545477867,-7.295440055470732],[-35.97781129181385,-7.296093539159361],[-35.97504459321499,-7.296393509469445],[-35.97400490194559,-7.295815850278492],[-35.973410457372665,-7.2952741070436735],[-35.97300712019205,-7.295072906964412],[-35.97247067838907,-7.295442383404133],[-35.97199961543083,-7.295593366487933],[-35.971194952726364,-7.29641479338622],[-35.97054686397314,-7.296587392611608],[-35.969907492399216,-7.29650125928781],[-35.96963491290808,-7.295970158851529],[-35.969737842679024,-7.295440055470732],[-35.97012206912041,-7.2946621924722495],[-35.96926711499691,-7.294396142397665],[-35.96886578947306,-7.2948464320562225],[-35.968696139752865,-7.295196287519615],[-35.968185514211655,-7.295718077146472],[-35.9678602963686,-7.295804210621029],[-35.967421419918544,-7.295648571743745],[-35.966436713933945,-7.29582748993565],[-35.96583254635334,-7.296146748985139],[-35.965466760098934,-7.296590385661166],[-35.9653926640749,-7.297357935932957],[-35.965273305773735,-7.297688168378739],[-35.96450015902519,-7.298060303138862],[-35.96280064433813,-7.29786542295456],[-35.962000004947186,-7.297999777220385],[-35.961707308888435,-7.298261169315032],[-35.96140589565039,-7.298173040954126],[-35.961195677518845,-7.297833497182486],[-35.961201041936874,-7.296648916404181],[-35.961135663092136,-7.296324669294081],[-35.96034474670887,-7.295248499765868],[-35.960179790854454,-7.294582377466466],[-35.959934033453465,-7.294129094476273],[-35.96104010939598,-7.29234655383442],[-35.961206406354904,-7.291687743640511],[-35.96212472766638,-7.290279995035884],[-35.9627416357398,-7.289558326778292],[-35.9626729041338,-7.289281631543505],[-35.96250895410776,-7.289098387369653],[-35.96049930900335,-7.288515397693604],[-35.959743931889534,-7.288231385334715],[-35.95940161496401,-7.287855584161546],[-35.95948979258538,-7.286262582768233],[-35.959375128149986,-7.286057055244872],[-35.95832772552967,-7.287160517444247],[-35.95752842724323,-7.287826983351399],[-35.95688570290804,-7.287729873610276],[-35.95689341425896,-7.2874308951997175],[-35.957206562161446,-7.286481745508858],[-35.95727328211069,-7.28604408505822],[-35.95708318054676,-7.2856057590417205],[-35.95650918781757,-7.285314095741578],[-35.9556669741869,-7.285654646714252],[-35.95471445471048,-7.285677261418132],[-35.95358692109585,-7.285120540288262],[-35.9523581340909,-7.2832378599463325],[-35.95303941518068,-7.281864007139222],[-35.9533528983593,-7.281780864132708],[-35.95399126410484,-7.281265709720785],[-35.953691862523556,-7.28078048626994],[-35.952742360532284,-7.280467867730169],[-35.952167361974716,-7.2808559802889],[-35.951696299016476,-7.28158098828202],[-35.95131877809763,-7.281606596341084],[-35.95079507678747,-7.281852367119226],[-35.950490310788155,-7.281799155595477],[-35.9501738101244,-7.281267040010528],[-35.94978757202625,-7.281248748526106],[-35.94913646578789,-7.280892230716389],[-35.9477524459362,-7.279800393161115],[-35.94701215624809,-7.279820680145696],[-35.946207493543625,-7.279611158785166],[-35.94587791711093,-7.2804878221115645],[-35.94502530992031,-7.281232785048135],[-35.94456262886524,-7.280893561007239],[-35.9450102224946,-7.280343152826339],[-35.945233181118965,-7.279777113013696],[-35.94514098018408,-7.279372703403359],[-35.94411738216877,-7.279414275131774],[-35.94413984566927,-7.279848283746242],[-35.94388570636511,-7.280452569370468],[-35.9096597135067,-7.28425718882908],[-35.9097683429718,-7.290848682106285],[-35.90972274541855,-7.291579992663458],[-35.90978443622589,-7.292115089081175],[-35.90971503406763,-7.2923704984572035],[-35.90978879481554,-7.2935876817631575],[-35.90977370738983,-7.296926272207301],[-35.903728008270264,-7.296959860848042],[-35.90370688587427,-7.296469998540701],[-35.90348158031702,-7.2959166164432006],[-35.9034601226449,-7.295661209090501],[-35.90431842952967,-7.294001390308101],[-35.90453300625086,-7.293192596397086],[-35.904597379267216,-7.2920538972298505],[-35.90487632900477,-7.291170272662159],[-35.90543422847986,-7.290010284131932],[-35.90607762336731,-7.289084419571098],[-35.90604543685913,-7.287807694431887],[-35.905766151845455,-7.286733167276553],[-35.90556263923645,-7.286009165323006],[-35.90507112443447,-7.285445128080068],[-35.899258106946945,-7.287830309027107],[-35.89838773012161,-7.285660300390343],[-35.898300893604755,-7.285604761334045],[-35.89669290930033,-7.286030782302251],[-35.896205753088,-7.286098958922359],[-35.889659486711025,-7.2866786260584995],[-35.8895743265748,-7.286043087351537],[-35.88799349963665,-7.285999853393136],[-35.88852625340223,-7.289361780060586],[-35.88849104940891,-7.289999309455466],[-35.8878493309021,-7.293500217608655],[-35.88753383606672,-7.294114461708858],[-35.886974930763245,-7.294587365904763],[-35.876499228179455,-7.29936892470294],[-35.87604593485594,-7.299475343569066],[-35.87568920105696,-7.299451399326371],[-35.87324470281601,-7.298667889789662],[-35.872573144733906,-7.298550828824226]]]},"id":"78d91686-7a5c-4f0e-a2c4-c9e1e3519ea6","properties":{"text":"Campina Grande","value":10}}],"metadata":{"tileStats":{"layers":[{"layer":"Cidades paraibanas","sourceType":"geojson","attributes":[{"attribute":"text","type":"String","values":["Bayeux","Cabedelo","Campina Grande","Conde","Jo\u00e3o Pessoa","Santa Rita"]},{"attribute":"value","type":"Number","min":5,"max":25}],"attributeCount":2,"geometry":["Polygon"]}],"layerCount":1}}}
